Name,Tier,Type,Category,Element,Recoil,AA,Impact,Range,Blast Radius,Velocity,Stability,ROF,Reload,Mag,Equip,Charge Time,Draw Time,Accuracy,Perks 0,Perks 1,Perks 2,Perks 3,Perks 4,Perks 5,Perks 6,Perks 7,Perks 8,Perks 9,Perks 10,Perks 11,Perks 12,Perks 13,Perks 14
Chroma Rush,Legendary,Auto Rifle,Kinetic,Kinetic,45,80,18,48,0,0,71,720,61,54,42,0,0,0,Rapid-Fire Frame*,Fluted Barrel,Smallbore*,Tactical Mag*,Alloy Magazine,Heating Up*,Rampage*,Sunrise Warrior*,Rampage Spec*,Masterwork*,Tracker Disabled,Kill Tracker,Crucible Tracker*,,
Dead Man's Tale,Exotic,Scout Rifle,Kinetic,Kinetic,100,60,67,73,0,0,42,120,55,14,68,0,0,0,Cranial Spike*,Arrowhead Brake*,Accurized Rounds*,Vorpal Weapon*,Composite Stock*,Burial Wrap*,Tracker Disabled,Kill Tracker,Crucible Tracker*,Dead Man's Tale Catalyst*,,,,,
Thorn,Exotic,Hand Cannon,Kinetic,Kinetic,100,85,84,54,0,0,60,140,46,9,86,0,0,0,Mark of the Devourer*,Corkscrew Rifling*,Accurized Rounds*,Soul Devourer*,For the King*,Textured Grip*,Tracker Disabled*,Kill Tracker,Crucible Tracker,Empty Catalyst Socket*,,,,,
Succession,Legendary,Sniper Rifle,Kinetic,Kinetic,80,48,90,78,0,0,49,72,42,3,50,0,0,0,Aggressive Frame*,Arrowhead Brake,Corkscrew Rifling*,Steady Rounds*,Alloy Magazine,Reconstruction*,Recombination*,Taken Spec*,Masterwork*,Tracker Disabled,Kill Tracker*,Crucible Tracker,,,
Fatebringer,Legendary,Hand Cannon,Kinetic,Kinetic,100,84,84,69,0,0,70,140,51,11,55,0,0,0,Adaptive Frame*,Arrowhead Brake,Chambered Compensator*,Accurized Rounds*,Flared Magwell,Explosive Payload*,Firefly*,Icarus Grip*,Masterwork*,Tracker Disabled,Kill Tracker,Crucible Tracker*,,,
Multimach CCX,Legendary,Submachine Gun,Kinetic,Kinetic,100,55,15,62,0,0,44,900,33,36,80,0,0,0,Lightweight Frame*,IS 5 Circle,Model 6 Loop*,Accurized Rounds*,Alloy Magazine,Subsistence*,Kill Clip*,Icarus Grip*,Masterwork*,Tracker Disabled,Kill Tracker,Crucible Tracker*,,,
Peacebond,Legendary,Sidearm,Kinetic,Stasis,92,69,75,53,0,0,77,491,47,33,50,0,0,0,Adaptive Frame*,Full Bore*,Smallbore,Tactical Mag*,Flared Magwell,Tunnel Vision*,Surrounded*,Tier 2 Weapon*,Tracker Disabled*,Kill Tracker,Crucible Tracker,,,,
Scathelocke,Legendary,Auto Rifle,Kinetic,Kinetic,70,65,21,50,0,0,59,600,68,45,63,0,0,0,Adaptive Frame*,Chambered Compensator*,Polygonal Rifling,Tactical Mag*,Flared Magwell,Subsistence*,Rampage*,Tier 2 Weapon*,Tracker Disabled*,Kill Tracker,Crucible Tracker,,,,
Riiswalker,Legendary,Shotgun,Kinetic,Kinetic,54,52,65,73,0,0,22,80,75,6,75,0,0,0,Lightweight Frame*,Barrel Shroud,Full Choke*,Appended Mag,Light Mag*,Eye of the Storm*,Iron Reach*,Tier 1 Weapon*,Tracker Disabled*,Kill Tracker,Crucible Tracker,,,,
Duality,Exotic,Shotgun,Energy,Solar,78,65,80,78,0,0,55,65,11,6,82,0,0,0,Compression Chamber*,Corkscrew Rifling*,Alloy Magazine*,On Black Wings*,Short-Action Stock*,Tracker Disabled*,Kill Tracker,Crucible Tracker,Empty Catalyst Socket*,,,,,,
Found Verdict,Legendary,Shotgun,Energy,Arc,75,37,80,65,0,0,30,55,42,4,32,0,0,0,Aggressive Frame*,Rifled Barrel*,Barrel Shroud,Extended Mag,Accurized Rounds*,Slideshot*,Opening Shot*,Sunrise Warrior*,Icarus Grip*,Masterwork*,Tracker Disabled,Kill Tracker,Crucible Tracker*,,
Found Verdict,Legendary,Shotgun,Energy,Arc,75,37,80,38,0,0,52,60,51,4,54,0,0,0,Aggressive Frame*,Barrel Shroud*,Corkscrew Rifling,Assault Mag*,Light Mag,Slideshot*,One-Two Punch*,Major Spec*,Masterwork*,Tracker Disabled,Kill Tracker*,Crucible Tracker,,,
Telesto,Exotic,Fusion Rifle,Energy,Void,66,46,85,42,0,0,81,0,82,7,66,780,0,0,Unplanned Reprieve*,Projection Fuse*,Harbinger's Pulse*,Polymer Grip*,Telesto Catalyst*,,,,,,,,,,
Cartesian Coordinate,Legendary,Fusion Rifle,Energy,Solar,52,60,55,36,0,0,33,0,51,8,64,460,0,0,Rapid-Fire Frame*,Cleanshot IS*,Hitmark IS,Enhanced Battery*,Particle Repeater,Lead from Gold*,Thresh*,Tier 3 Weapon*,Tracker Disabled*,Kill Tracker,Crucible Tracker,,,,
Death Adder,Legendary,Submachine Gun,Energy,Solar,100,55,15,38,0,0,46,900,42,38,73,0,0,0,Lightweight Frame*,Arrowhead Brake*,Polygonal Rifling,Tactical Mag*,Alloy Magazine,Dynamic Sway Reduction*,Quickdraw*,Tier 2 Weapon*,Tracker Disabled*,Kill Tracker,Crucible Tracker,,,,
Occluded Finality,Legendary,Sniper Rifle,Energy,Arc,77,47,90,100,0,0,27,72,50,3,32,0,0,0,Aggressive Frame*,Full Bore*,Hammer-Forged Rifling,Flared Magwell,Light Mag*,Snapshot Sights*,Opening Shot*,Icarus Grip*,Masterwork*,Tracker Disabled,Kill Tracker,Crucible Tracker*,,,
Forge's Pledge,Legendary,Pulse Rifle,Energy,Solar,51,61,29,49,0,0,61,390,49,42,50,0,0,0,Adaptive Frame*,Corkscrew Rifling*,Polygonal Rifling,Appended Mag*,Tactical Mag,Quickdraw*,Multikill Clip*,Tier 1 Weapon*,Tracker Disabled*,Kill Tracker,Crucible Tracker,,,,
Anarchy,Exotic,Grenade Launcher,Power,Arc,50,69,0,0,40,100,68,150,76,6,81,0,0,0,Arc Traps*,Quick Launch*,High-Velocity Rounds*,Moving Target*,Composite Stock*,Uniocracy*,Tracker Disabled*,Kill Tracker,Crucible Tracker,Empty Catalyst Socket*,,,,,
Threaded Needle,Legendary,Linear Fusion Rifle,Power,Void,65,62,41,48,0,0,60,0,28,6,40,533,0,0,Precision Frame*,Corkscrew Rifling*,Smallbore,Enhanced Battery*,Particle Repeater,Clown Cartridge*,Vorpal Weapon*,Taken Spec*,Tier 3 Weapon*,Tracker Disabled*,Kill Tracker,Crucible Tracker,,,
Code Duello,Legendary,Rocket Launcher,Power,Solar,52,62,0,0,100,43,71,15,50,1,68,0,0,0,High-Impact Frame*,Volatile Launch*,Countermass,Black Powder,Impact Casing*,Impulse Amplifier*,Lasting Impression*,Imperial Dress*,Taken Spec*,Masterwork*,Tracker Disabled,Kill Tracker*,Crucible Tracker,,
The Lament,Exotic,Sword,Power,Solar,0,0,78,0,0,0,0,0,0,58,0,0,0,0,Banshee's Wail*,Jagged Edge*,Enduring Guard*,Tireless Blade*,Revved Consumption*,Tracker Disabled*,Kill Tracker,Crucible Tracker,Empty Catalyst Socket*,,,,,,
Whisper of the Worm,Exotic,Sniper Rifle,Power,Solar,94,39,100,86,0,0,42,72,69,3,31,0,0,0,White Nail*,Polygonal Rifling*,Accurized Rounds*,Mulligan*,Fitted Stock*,Roar of the Wyrm*,Whisper Catalyst*,,,,,,,,
Xenophage,Exotic,Machine Gun,Power,Solar,85,33,100,89,0,0,34,90,38,26,37,0,0,0,Pyrotoxin Rounds*,Full Bore*,High-Caliber Rounds*,Rangefinder*,Composite Stock*,Tracker Disabled*,Kill Tracker,Crucible Tracker,Empty Catalyst Socket*,,,,,,
Negative Space,Legendary,Sword,Power,Solar,0,0,58,0,0,0,0,0,0,67,0,0,0,0,Adaptive Frame*,Enduring Blade*,Tempered Edge,Burst Guard*,Enduring Guard,Energy Transfer*,Disruption Break*,Tier 1 Weapon*,Tracker Disabled*,Kill Tracker,Crucible Tracker,,,,
One Thousand Voices,Exotic,Fusion Rifle,Power,Solar,100,100,100,100,0,0,55,0,37,4,10,1000,0,0,Ahamkara's Eye*,Extended Barrel*,Liquid Coils*,Unforeseen Repercussions*,Fitted Stock*,Tracker Disabled*,Kill Tracker,Crucible Tracker,Empty Catalyst Socket*,,,,,,
Ignition Code,Legendary,Grenade Launcher,Kinetic,Kinetic,75,71,0,0,5,67,49,90,68,1,68,0,0,0,Lightweight Frame*,Confined Launch*,Countermass,Blinding Grenades*,Proximity Grenades,Ambitious Assassin*,Frenzy*,Tier 1 Weapon*,Tracker Disabled*,Kill Tracker,Crucible Tracker,,,,
Peacebond,Legendary,Sidearm,Kinetic,Stasis,92,69,75,53,0,0,90,491,36,30,60,0,0,0,Adaptive Frame*,Corkscrew Rifling*,Hammer-Forged Rifling,Accurized Rounds*,Tactical Mag,Subsistence*,Demolitionist*,Tier 5 Weapon*,Tracker Disabled*,Kill Tracker,Crucible Tracker,,,,
Peacebond,Legendary,Sidearm,Kinetic,Stasis,100,69,75,49,0,0,91,491,36,30,50,0,0,0,Adaptive Frame*,Chambered Compensator*,Full Bore,Accurized Rounds*,Steady Rounds,Killing Wind*,Demolitionist*,Tier 1 Weapon*,Tracker Disabled*,Kill Tracker,Crucible Tracker,,,,
Borrowed Time,Legendary,Submachine Gun,Energy,Solar,82,38,22,52,0,0,40,750,31,26,61,0,0,0,Aggressive Frame*,Corkscrew Rifling*,Polygonal Rifling,Ricochet Rounds*,Flared Magwell,Threat Detector*,Adrenaline Junkie*,Tier 1 Weapon*,Tracker Disabled*,Kill Tracker,Crucible Tracker,,,,
The Deicide,Legendary,Shotgun,Energy,Void,62,64,65,30,0,0,58,140,67,7,53,0,0,0,Rapid-Fire Frame*,Barrel Shroud*,Corkscrew Rifling,Steady Rounds*,Accurized Rounds,Grave Robber*,Vorpal Weapon*,Tier 1 Weapon*,Tracker Disabled*,Kill Tracker,Crucible Tracker,,,,
Compass Rose,Legendary,Shotgun,Energy,Solar,75,73,70,79,0,0,53,65,62,6,42,0,0,0,Precision Frame*,Smoothbore*,Smallbore,Tactical Mag*,Extended Mag,Field Prep*,Trench Barrel*,Tier 2 Weapon*,Tracker Disabled*,Kill Tracker,Crucible Tracker,,,,
Arsenic Bite-4b,Legendary,Combat Bow,Energy,Arc,51,81,68,0,0,0,71,0,64,0,68,0,608,59,Lightweight Frame*,Natural String*,Polymer String,Helical Fletching*,Straight Fletching,Quickdraw*,Explosive Head*,Minor Spec*,Tier 1 Weapon*,Tracker Disabled*,Kill Tracker,Crucible Tracker,,,
Annual Skate,Legendary,Hand Cannon,Energy,Solar,88,80,84,57,0,0,63,140,44,10,61,0,0,0,Adaptive Frame*,SteadyHand HCS*,Sureshot HCS,Accurized Rounds*,Appended Mag,Triple Tap*,Multikill Clip*,Tier 2 Weapon*,Tracker Disabled*,Kill Tracker,Crucible Tracker,,,,
Night Watch,Legendary,Scout Rifle,Kinetic,Kinetic,57,69,60,52,0,0,46,200,74,17,68,0,0,0,Lightweight Frame*,Hammer-Forged Rifling*,Polygonal Rifling,Tactical Mag*,Extended Mag,Threat Detector*,Explosive Payload*,Tier 3 Weapon*,Tracker Disabled*,Kill Tracker,Crucible Tracker,,,,
Death Adder,Legendary,Submachine Gun,Energy,Solar,95,55,15,45,0,0,42,900,35,40,64,0,0,0,Lightweight Frame*,Hammer-Forged Rifling*,Polygonal Rifling,Appended Mag*,Tactical Mag,Dynamic Sway Reduction*,Disruption Break*,Tier 2 Weapon*,Tracker Disabled*,Kill Tracker,Crucible Tracker,,,,
The Chaperone,Exotic,Shotgun,Kinetic,Kinetic,50,70,75,100,0,0,37,70,37,6,82,0,0,0,Precision Slug*,Hammer-Forged Rifling*,Accurized Rounds*,The Roadborn*,Hand-Laid Stock*,Tracker Disabled*,Kill Tracker,Crucible Tracker,Empty Catalyst Socket*,,,,,,
Gnawing Hunger,Legendary,Auto Rifle,Energy,Void,54,65,21,62,0,0,67,600,61,43,71,0,0,0,Adaptive Frame*,Corkscrew Rifling*,Full Bore,Steady Rounds*,Flared Magwell,Zen Moment*,Rampage*,Rampage Spec*,Masterwork*,Tracker Disabled,Kill Tracker*,Crucible Tracker,,,
Bad Omens,Legendary,Rocket Launcher,Power,Void,76,34,0,0,68,70,25,25,100,1,24,0,0,0,Aggressive Frame*,Volatile Launch*,Linear Compensator,Alloy Casing*,Black Powder,Tracking Module*,Cluster Bomb*,Gambit Leather*,Taken Spec*,Masterwork*,Tracker Disabled*,Kill Tracker,Crucible Tracker,,
Dead Man's Tale,Exotic,Scout Rifle,Kinetic,Kinetic,89,60,67,78,0,0,46,120,55,14,64,0,0,0,Cranial Spike*,Corkscrew Rifling*,Accurized Rounds*,Killing Wind*,Composite Stock*,Tracker Disabled,Kill Tracker,Crucible Tracker*,Dead Man's Tale Catalyst*,,,,,,
Night Watch,Legendary,Scout Rifle,Kinetic,Kinetic,57,69,60,48,0,0,46,200,44,19,82,0,0,0,Lightweight Frame*,Corkscrew Rifling*,Extended Mag*,Overflow*,Explosive Payload*,Minor Spec*,Masterwork*,Tracker Disabled*,Kill Tracker,Crucible Tracker,,,,,
Toil and Trouble,Legendary,Shotgun,Kinetic,Kinetic,59,30,80,44,0,0,50,60,42,5,39,0,0,0,Aggressive Frame*,Smoothbore*,Corkscrew Rifling,Assault Mag*,Appended Mag,Full Auto Trigger System*,Rampage*,Minor Spec*,Tier 2 Weapon*,Tracker Disabled*,Kill Tracker,Crucible Tracker,,,
Night Watch,Legendary,Scout Rifle,Kinetic,Kinetic,57,69,60,52,0,0,46,200,73,17,68,0,0,0,Lightweight Frame*,Hammer-Forged Rifling*,Polygonal Rifling,Tactical Mag*,Flared Magwell,Outlaw*,Moving Target*,Tier 2 Weapon*,Tracker Disabled*,Kill Tracker,Crucible Tracker,,,,
Retold Tale,Legendary,Shotgun,Energy,Void,64,75,70,82,0,0,57,65,56,7,41,0,0,0,Precision Frame*,Smoothbore*,Barrel Shroud,Tactical Mag*,Steady Rounds,Quickdraw*,Demolitionist*,Burnished Dreams*,Tier 2 Weapon*,Tracker Disabled*,Kill Tracker,Crucible Tracker,,,
Shadow Price,Legendary,Auto Rifle,Energy,Arc,79,43,29,76,0,0,50,450,43,39,49,0,0,0,Precision Frame*,Arrowhead Brake,Hammer-Forged Rifling*,Extended Mag*,Steady Rounds,Surplus*,One for All*,Masterwork*,Tracker Disabled,Kill Tracker*,Crucible Tracker,,,,
The Long Walk,Legendary,Sniper Rifle,Energy,Solar,86,48,90,85,0,0,38,72,41,3,31,0,0,0,Aggressive Frame*,Chambered Compensator*,Full Bore,High-Caliber Rounds*,Flared Magwell,Killing Wind*,Frenzy*,Tier 1 Weapon*,Tracker Disabled*,Kill Tracker,Crucible Tracker,,,,
Divinity,Exotic,Trace Rifle,Energy,Arc,100,100,6,70,0,0,100,1000,50,94,60,0,0,0,Judgment*,Polygonal Rifling*,Particle Repeater*,Penance*,Composite Stock*,Tracker Disabled*,Kill Tracker,Crucible Tracker,Tracker Disabled*,Kill Tracker,Crucible Tracker,Empty Catalyst Socket*,,,
Found Verdict,Legendary,Shotgun,Energy,Arc,75,37,80,51,0,0,34,55,55,5,45,0,0,0,Aggressive Frame*,Smoothbore*,Full Choke,Tactical Mag*,Extended Mag,Slideshot*,One-Two Punch*,Tier 4 Weapon*,Tracker Disabled*,Kill Tracker,Crucible Tracker,,,,
Retold Tale,Legendary,Shotgun,Energy,Void,64,75,70,71,0,0,60,65,47,7,50,0,0,0,Precision Frame*,Barrel Shroud*,Corkscrew Rifling,Appended Mag*,Accurized Rounds,Quickdraw*,Demolitionist*,Burnished Dreams*,Tier 3 Weapon*,Tracker Disabled*,Kill Tracker,Crucible Tracker,,,
Outrageous Fortune,Legendary,Grenade Launcher,Power,Solar,57,30,0,0,18,60,50,150,29,5,32,0,0,0,Rapid-Fire Frame*,Linear Compensator*,Quick Launch,Spike Grenades*,Concussion Grenades,Snapshot Sights*,Quickdraw*,Vanguard Veteran*,Tier 1 Weapon*,Tracker Disabled*,Kill Tracker,Crucible Tracker,,,
Sleepless,Legendary,Rocket Launcher,Power,Arc,58,72,0,0,98,50,58,15,67,1,69,0,0,0,High-Impact Frame*,Linear Compensator*,Quick Launch,Alloy Casing*,Implosion Rounds,Underdog*,Wellspring*,Burnished Dreams*,Tier 1 Weapon*,Tracker Disabled*,Kill Tracker,Crucible Tracker,,,
Corrective Measure,Legendary,Machine Gun,Power,Void,95,72,41,61,0,0,75,450,50,59,42,0,0,0,Adaptive Frame*,Extended Barrel*,Polygonal Rifling,Steady Rounds*,Alloy Magazine,Rewind Rounds*,Tap the Trigger*,Tier 2 Weapon*,Tracker Disabled*,Kill Tracker,Crucible Tracker,,,,
Heretic,Legendary,Rocket Launcher,Power,Arc,68,29,0,0,60,96,15,25,62,1,31,0,0,0,Aggressive Frame*,Hard Launch*,Quick Launch,Black Powder*,High-Velocity Rounds,Impulse Amplifier*,Cluster Bomb*,Tier 2 Weapon*,Tracker Disabled*,Kill Tracker,Crucible Tracker,,,,
Commemoration,Legendary,Machine Gun,Power,Void,100,64,41,73,0,0,60,450,55,59,50,0,0,0,Adaptive Frame*,Arrowhead Brake*,Smallbore,Accurized Rounds*,Flared Magwell,Reconstruction*,Under Pressure*,Tier 2 Weapon*,Tracker Disabled*,Kill Tracker,Crucible Tracker,,,,
The Huckleberry,Exotic,Submachine Gun,Kinetic,Kinetic,100,49,22,58,0,0,56,750,10,37,87,0,0,0,Ride the Bull*,Fluted Barrel*,Ricochet Rounds*,Rampage*,Short-Action Stock*,The Devil's Work*,Huckleberry Catalyst*,,,,,,,,
IKELOS_SMG_v1.0.2,Legendary,Submachine Gun,Energy,Arc,90,42,22,68,0,0,30,750,41,30,68,0,0,0,Aggressive Frame*,Fluted Barrel,Full Bore*,Seraph Rounds*,Steady Rounds,Threat Detector*,Surrounded*,Envious Touch*,Minor Spec*,Masterwork*,Tracker Disabled,Kill Tracker*,Crucible Tracker,,
Falling Guillotine,Legendary,Sword,Power,Void,0,0,68,0,0,0,0,0,0,56,0,0,0,0,Vortex Frame*,Hungry Edge,Honed Edge,Jagged Edge*,Enduring Guard,Swordmaster's Guard*,Relentless Strikes*,Whirlwind Blade*,Metallic Sunrise*,Taken Spec*,Masterwork*,Riptide*,Tracker Disabled,Kill Tracker*,Crucible Tracker
False Promises,Legendary,Auto Rifle,Kinetic,Kinetic,86,52,33,84,0,0,39,360,44,32,50,0,0,0,High-Impact Frame*,Corkscrew Rifling*,Extended Barrel,Ricochet Rounds*,Flared Magwell,Killing Wind*,Rampage*,Minor Spec*,Tier 4 Weapon*,Tracker Disabled*,Kill Tracker,Crucible Tracker,,,
Transfiguration,Legendary,Scout Rifle,Kinetic,Kinetic,78,29,67,81,0,0,43,150,35,14,36,0,0,0,High-Impact Frame*,Arrowhead Brake,Chambered Compensator,Hammer-Forged Rifling*,Extended Mag,Steady Rounds*,Rampage*,Kill Clip*,Dreaming Cast*,Tier 3 Weapon*,Tracker Disabled*,Kill Tracker,Crucible Tracker,,
Retrofuturist,Legendary,Shotgun,Energy,Void,55,50,65,55,0,0,47,80,69,7,56,0,0,0,Lightweight Frame*,Rifled Barrel*,Corkscrew Rifling,Tactical Mag*,Accurized Rounds,Quickdraw*,Snapshot Sights*,Tier 1 Weapon*,Tracker Disabled*,Kill Tracker,Crucible Tracker,,,,
IKELOS_SR_v1.0.2,Legendary,Sniper Rifle,Energy,Solar,57,73,55,50,0,0,36,140,61,5,75,0,0,0,Rapid-Fire Frame*,Full Bore*,Polygonal Rifling,Seraph Rounds*,Steady Rounds,Fourth Time's the Charm*,High-Impact Reserves*,Boss Spec*,Masterwork*,Tracker Disabled*,Kill Tracker,Crucible Tracker,,,
Arsenic Bite-4b,Legendary,Combat Bow,Energy,Arc,51,81,68,0,0,0,76,0,64,0,79,0,612,52,Lightweight Frame*,Agile Bowstring*,Elastic String,Carbon Arrow Shaft*,Compact Arrow Shaft,Dragonfly*,Explosive Head*,Glacial Whisper*,Tier 2 Weapon*,Tracker Disabled*,Kill Tracker,Crucible Tracker,,,
Black Talon,Exotic,Sword,Power,Void,0,0,61,0,0,0,0,0,0,62,0,0,0,0,Crow's Wings*,Tempered Edge*,Heavy Guard*,Tireless Blade*,Tracker Disabled*,Kill Tracker,Crucible Tracker,Black Talon Catalyst*,,,,,,,
Crown-Splitter,Legendary,Sword,Power,Void,0,0,73,0,0,0,0,0,0,52,0,0,0,0,Aggressive Frame*,Hungry Edge*,Honed Edge,Tempered Edge,Heavy Guard*,Tireless Blade*,Vorpal Weapon*,Tier 2 Weapon*,Tracker Disabled*,Kill Tracker,Crucible Tracker,,,,
Legend of Acrius,Exotic,Shotgun,Power,Arc,80,90,85,100,0,0,82,55,64,6,10,0,0,0,Shock Blast*,Full Bore*,Accurized Rounds*,Long March*,Fitted Stock*,The Emperor's Pleasure*,Acrius Catalyst*,,,,,,,,
Threaded Needle,Legendary,Linear Fusion Rifle,Power,Void,95,62,41,45,0,0,61,0,28,5,44,533,0,0,Precision Frame*,Arrowhead Brake*,Smallbore,Particle Repeater*,Projection Fuse,Field Prep*,Dragonfly*,Tier 2 Weapon*,Tracker Disabled*,Kill Tracker,Crucible Tracker,,,,
Sola's Scar,Legendary,Sword,Power,Solar,0,0,60,0,0,0,0,0,0,67,0,0,0,0,Caster Frame*,Enduring Blade*,Honed Edge,Jagged Edge,Balanced Guard*,Burst Guard,Relentless Strikes*,Assassin's Blade*,Tier 4 Weapon*,Tracker Disabled*,Kill Tracker,Crucible Tracker,,,
Tractor Cannon,Exotic,Shotgun,Power,Void,70,90,65,28,0,0,96,80,24,7,42,0,0,0,Repulsor Force*,Extended Barrel*,Particle Repeater*,The Scientific Method*,Composite Stock*,Tractor Cannon Catalyst*,,,,,,,,,
Astral Horizon,Legendary,Shotgun,Kinetic,Kinetic,62,34,80,41,0,0,49,60,10,4,22,0,0,0,Aggressive Frame*,Rifled Barrel*,Barrel Shroud,Assault Mag*,Light Mag,Dual Loader*,Trench Barrel*,Tier 1 Weapon*,Tracker Disabled*,Kill Tracker,Crucible Tracker,,,,
Posterity,Legendary,Hand Cannon,Energy,Arc,100,79,78,45,0,0,78,180,70,15,41,0,0,0,Precision Frame*,Chambered Compensator*,Hammer-Forged Rifling,Tactical Mag*,Alloy Magazine,Rapid Hit*,Redirection*,Tier 3 Weapon*,Tracker Disabled*,Kill Tracker,Crucible Tracker,,,,
Commemoration,Legendary,Machine Gun,Power,Void,90,64,41,80,0,0,62,450,55,59,38,0,0,0,Adaptive Frame*,Extended Barrel*,Polygonal Rifling,Accurized Rounds*,Extended Mag,Dynamic Sway Reduction*,Rampage*,Tier 3 Weapon*,Tracker Disabled*,Kill Tracker,Crucible Tracker,,,,
False Promises,Legendary,Auto Rifle,Kinetic,Kinetic,86,52,33,88,0,0,34,360,44,32,42,0,0,0,High-Impact Frame*,Chambered Compensator,Polygonal Rifling*,Alloy Magazine,High-Caliber Rounds*,Subsistence*,Rampage*,Boss Spec*,Masterwork*,Tracker Disabled*,Kill Tracker,Crucible Tracker,,,
The Last Word,Exotic,Hand Cannon,Kinetic,Kinetic,100,40,78,42,0,0,46,225,82,8,46,0,0,0,Fan Fire*,Corkscrew Rifling*,Accurized Rounds*,Hip-Fire Grip*,Textured Grip*,Tracker Disabled*,Kill Tracker,Crucible Tracker,Empty Catalyst Socket*,,,,,,
Shattered Cipher,Legendary,Machine Gun,Power,Void,75,64,25,33,0,0,40,900,68,89,47,0,0,0,Rapid-Fire Frame*,Arrowhead Brake*,Full Bore,Appended Mag*,Extended Mag,Heating Up*,Snapshot Sights*,Tier 6 Weapon*,Tracker Disabled*,Kill Tracker,Crucible Tracker,,,,
MIDA Multi-Tool,Exotic,Scout Rifle,Kinetic,Kinetic,80,100,60,50,0,0,50,200,82,16,86,0,0,0,MIDA Multi-Tool*,Corkscrew Rifling*,High-Caliber Rounds*,MIDA Radar*,Hand-Laid Stock*,MIDA Multi-Tool Catalyst*,,,,,,,,,
Drang,Legendary,Sidearm,Energy,Solar,80,70,49,57,0,0,71,300,37,18,74,0,0,0,Together Forever*,Smallbore*,Rampage*,Moving Target*,Accurized Rounds*,Tier 1 Weapon*,Tracker Disabled*,Kill Tracker,Crucible Tracker,,,,,,
Borealis,Exotic,Sniper Rifle,Energy,Void,55,65,90,59,0,0,66,72,68,5,78,0,0,0,The Fundamentals*,Corkscrew Rifling*,Extended Mag*,Ionic Return*,Hand-Laid Stock*,Borealis Catalyst*,,,,,,,,,
The Old Fashioned,Legendary,Hand Cannon,Kinetic,Kinetic,95,70,84,58,0,0,55,140,49,9,60,0,0,0,Adaptive Frame*,HitMark HCS*,Crossfire HCS,Accurized Rounds*,Tactical Mag,Quickdraw*,Explosive Payload*,Metallic Sunrise*,Icarus Grip*,Masterwork*,Tracker Disabled,Kill Tracker,Crucible Tracker*,,
Zealot's Reward,Legendary,Fusion Rifle,Energy,Void,59,37,60,32,0,0,44,0,53,7,56,460,0,0,Rapid-Fire Frame*,Chambered Compensator*,Full Bore,Liquid Coils*,Projection Fuse,Auto-Loading Holster*,High-Impact Reserves*,Tier 3 Weapon*,Tracker Disabled*,Kill Tracker,Crucible Tracker,,,,
Omniscient Eye,Legendary,Sniper Rifle,Energy,Solar,55,72,55,48,0,0,47,140,43,7,78,0,0,0,Rapid-Fire Frame*,Corkscrew Rifling*,Smallbore,Extended Mag*,Flared Magwell,Outlaw*,Snapshot Sights*,Tier 1 Weapon*,Tracker Disabled*,Kill Tracker,Crucible Tracker,,,,
Eye of Sol,Legendary,Sniper Rifle,Kinetic,Kinetic,100,68,70,64,0,0,54,90,46,4,61,0,0,0,Adaptive Frame*,Arrowhead Brake*,Full Bore,Accurized Rounds*,Steady Rounds,Killing Wind*,Opening Shot*,Tier 1 Weapon*,Tracker Disabled*,Kill Tracker,Crucible Tracker,,,,
Gridskipper,Legendary,Pulse Rifle,Energy,Void,65,80,23,42,0,0,61,540,24,44,30,0,0,0,Rapid-Fire Frame*,Chambered Compensator*,Hammer-Forged Rifling,Extended Mag*,Appended Mag,Moving Target*,Thresh*,Tier 2 Weapon*,Tracker Disabled*,Kill Tracker,Crucible Tracker,,,,
Corrective Measure,Legendary,Machine Gun,Power,Void,85,72,41,57,0,0,70,450,61,64,57,0,0,0,Adaptive Frame*,Fluted Barrel*,Polygonal Rifling,Tactical Mag*,Steady Rounds,Surplus*,One for All*,Taken Spec*,Tier 4 Weapon*,Tracker Disabled*,Kill Tracker,Crucible Tracker,,,
Shayura's Wrath,Legendary,Submachine Gun,Energy,Void,100,60,25,65,0,0,63,600,59,28,48,0,0,0,Precision Frame*,Chambered Compensator*,Hammer-Forged Rifling,Tactical Mag*,Flared Magwell,Heating Up*,Celerity*,Tier 2 Weapon*,Tracker Disabled*,Kill Tracker,Crucible Tracker,,,,
Revoker,Legendary,Sniper Rifle,Kinetic,Kinetic,82,44,90,98,0,0,34,72,37,3,31,0,0,0,Aggressive Frame*,Extended Barrel*,Accurized Rounds*,Snapshot Sights*,Reversal of Fortune*,Nebula Rose*,Icarus Grip*,Masterwork*,Tracker Disabled,Kill Tracker,Crucible Tracker*,,,,
Vigilance Wing,Exotic,Pulse Rifle,Kinetic,Kinetic,79,60,33,68,0,0,73,530,46,30,49,0,0,0,Harsh Truths*,Corkscrew Rifling*,Alloy Magazine*,Last Stand*,Composite Stock*,Vigilance Wing Catalyst*,,,,,,,,,
Lumina,Exotic,Hand Cannon,Kinetic,Kinetic,100,88,84,53,0,0,55,140,65,13,78,0,0,0,Noble Rounds*,Chambered Compensator*,Accurized Rounds*,Blessing of the Sky*,Polymer Grip*,Tracker Disabled*,Kill Tracker,Crucible Tracker,Empty Catalyst Socket*,,,,,,
Bottom Dollar,Legendary,Hand Cannon,Energy,Void,85,66,92,68,0,0,40,120,32,11,51,0,0,0,Aggressive Frame*,Corkscrew Rifling*,Full Bore,Appended Mag*,Extended Mag,Feeding Frenzy*,Multikill Clip*,Minor Spec*,Masterwork*,Tracker Disabled,Kill Tracker*,Crucible Tracker,,,
Nature of the Beast,Legendary,Hand Cannon,Energy,Arc,80,81,78,40,0,0,70,180,14,17,55,0,0,0,Precision Frame*,Fastdraw HCS*,Sureshot HCS,Extended Mag*,Alloy Magazine,Snapshot Sights*,Rangefinder*,Tier 1 Weapon*,Tracker Disabled*,Kill Tracker,Crucible Tracker,,,,
Sweet Business,Exotic,Auto Rifle,Kinetic,Kinetic,100,80,18,42,0,0,60,360,10,45,14,0,0,0,Payday*,Polygonal Rifling*,Armor-Piercing Rounds*,Business Time*,Composite Stock*,Sweet Business Catalyst*,,,,,,,,,
Igneous Hammer,Legendary,Hand Cannon,Energy,Solar,95,69,92,68,0,0,48,120,55,9,75,0,0,0,Aggressive Frame*,Fluted Barrel*,Smallbore,Alloy Magazine*,Ricochet Rounds,Outlaw*,Celerity*,Tier 2 Weapon*,Tracker Disabled*,Kill Tracker,Crucible Tracker,,,,
Bad Juju,Exotic,Pulse Rifle,Kinetic,Kinetic,85,60,27,46,0,0,79,450,52,27,60,0,0,0,String of Curses*,Hammer-Forged Rifling*,Steady Rounds*,Hip-Fire Grip*,Short-Action Stock*,Tracker Disabled*,Kill Tracker,Crucible Tracker,Empty Catalyst Socket*,,,,,,
Witherhoard,Exotic,Grenade Launcher,Kinetic,Kinetic,100,84,0,0,8,21,71,90,40,6,100,0,0,0,Primeval's Torment*,Countermass*,Black Powder*,Break the Bank*,Composite Stock*,Drowned in Strife*,Tracker Disabled,Kill Tracker*,Crucible Tracker,Witherhoard Catalyst*,,,,,
Wavesplitter,Exotic,Trace Rifle,Energy,Void,100,100,6,70,0,0,96,1000,50,100,51,0,0,0,Harmonic Laser*,Polygonal Rifling*,Enhanced Battery*,Supercharged Battery*,Fitted Stock*,Tracker Disabled*,Kill Tracker,Crucible Tracker,Empty Catalyst Socket*,,,,,,
Arc Logic,Legendary,Auto Rifle,Energy,Arc,47,65,21,58,0,0,32,600,60,47,64,0,0,0,Adaptive Frame*,Full Bore*,Polygonal Rifling,Appended Mag*,Tactical Mag,Feeding Frenzy*,Frenzy*,Tier 1 Weapon*,Tracker Disabled*,Kill Tracker,Crucible Tracker,,,,
Royal Entry,Legendary,Rocket Launcher,Power,Void,75,65,0,0,90,51,81,15,36,1,48,0,0,0,Precision Frame*,Confined Launch*,Linear Compensator,Implosion Rounds*,Impact Casing,Moving Target*,Lasting Impression*,Tier 5 Weapon*,Tracker Disabled*,Kill Tracker,Crucible Tracker,,,,
Outbreak Perfected,Exotic,Pulse Rifle,Kinetic,Kinetic,90,65,27,68,0,0,46,450,50,35,42,0,0,0,The Corruption Spreads*,Extended Barrel*,Accurized Rounds*,Outlaw*,Parasitism*,Tracker Disabled*,Kill Tracker,Crucible Tracker,Empty Catalyst Socket*,,,,,,
Eye of Sol,Legendary,Sniper Rifle,Kinetic,Kinetic,82,68,70,73,0,0,54,90,66,4,60,0,0,0,Adaptive Frame*,Extended Barrel*,Full Bore,Accurized Rounds*,Tactical Mag,No Distractions*,Celerity*,Tier 2 Weapon*,Tracker Disabled*,Kill Tracker,Crucible Tracker,,,,
Graviton Lance,Exotic,Pulse Rifle,Energy,Void,85,60,29,73,0,0,100,257,61,31,54,0,0,0,Black Hole*,Hammer-Forged Rifling*,Accurized Rounds*,Cosmology*,Fitted Stock*,Graviton Lance Catalyst*,,,,,,,,,
Jian 7 Rifle,Legendary,Pulse Rifle,Energy,Arc,80,64,29,47,0,0,50,390,25,42,68,0,0,0,Adaptive Frame*,SLO-12 Post*,SLO-21 Post,Extended Mag*,Armor-Piercing Rounds,Grave Robber*,Outlaw*,Tier 3 Weapon*,Tracker Disabled*,Kill Tracker,Crucible Tracker,,,,
The Jade Rabbit,Exotic,Scout Rifle,Kinetic,Kinetic,100,80,67,86,0,0,82,150,59,10,29,0,0,0,The Fate of All Fools*,Polygonal Rifling*,High-Caliber Rounds*,Zen Moment*,Jade Rabbit Catalyst*,,,,,,,,,,
Astral Horizon,Legendary,Shotgun,Kinetic,Kinetic,62,34,80,45,0,0,48,60,40,4,36,0,0,0,Aggressive Frame*,Smoothbore*,Barrel Shroud,Assault Mag*,Appended Mag,Surplus*,Trench Barrel*,Major Spec*,Tier 1 Weapon*,Tracker Disabled*,Kill Tracker,Crucible Tracker,,,
"First In, Last Out",Legendary,Shotgun,Energy,Arc,68,27,70,80,0,0,60,70,50,6,55,0,0,0,Precision Frame*,Extended Barrel*,Fluted Barrel,Assault Mag*,Steady Rounds,Slideshot*,Vorpal Weapon*,Boss Spec*,Masterwork*,Tracker Disabled,Kill Tracker*,Crucible Tracker,,,
Igneous Hammer,Legendary,Hand Cannon,Energy,Solar,100,69,92,78,0,0,42,120,19,12,35,0,0,0,Aggressive Frame*,Extended Barrel*,Smallbore,Extended Mag*,Appended Mag,Killing Wind*,Moving Target*,Tier 1 Weapon*,Tracker Disabled*,Kill Tracker,Crucible Tracker,,,,
Trustee,Legendary,Scout Rifle,Energy,Solar,59,67,45,55,0,0,44,260,47,18,34,0,0,0,Rapid-Fire Frame*,Full Bore*,Polygonal Rifling,Tactical Mag*,Flared Magwell,Surplus*,Wellspring*,Tier 2 Weapon*,Tracker Disabled*,Kill Tracker,Crucible Tracker,,,,
True Prophecy,Legendary,Hand Cannon,Kinetic,Kinetic,93,67,92,74,0,0,37,120,39,10,40,0,0,0,Aggressive Frame*,TrueSight HCS*,Sureshot HCS,Tactical Mag*,Extended Mag,Overflow*,Explosive Payload*,Monochromatic*,Boss Spec*,Masterwork*,Tracker Disabled,Kill Tracker,Crucible Tracker*,,
Far Future,Legendary,Sniper Rifle,Energy,Solar,52,62,70,58,0,0,58,90,48,5,60,0,0,0,Adaptive Frame*,Corkscrew Rifling*,Polygonal Rifling,Appended Mag*,Alloy Magazine,Moving Target*,Frenzy*,Imperial Dress*,Major Spec*,Masterwork*,Tracker Disabled,Kill Tracker*,Crucible Tracker,,
Cerberus+1,Exotic,Auto Rifle,Kinetic,Kinetic,86,60,33,32,0,0,28,360,42,31,34,0,0,0,Four-Headed Dog*,Rifled Barrel*,Fluted Barrel*,Full Bore*,Spread Shot Package*,Tracker Disabled*,Kill Tracker,Crucible Tracker,Empty Catalyst Socket*,,,,,,
Truthteller,Legendary,Grenade Launcher,Energy,Void,70,79,0,0,55,81,40,90,74,1,81,0,0,0,Lightweight Frame*,Linear Compensator*,Smart Drift Control,Spike Grenades*,High-Velocity Rounds,Grave Robber*,Quickdraw*,Boss Spec*,Masterwork*,Tracker Disabled*,Kill Tracker,Crucible Tracker,,,
Prophet of Doom,Legendary,Shotgun,Energy,Arc,77,73,70,72,0,0,74,65,52,5,42,0,0,0,Precision Frame*,Smallbore*,Full Choke,Steady Rounds*,Light Mag,Full Auto Trigger System*,Opening Shot*,Tier 2 Weapon*,Tracker Disabled*,Kill Tracker,Crucible Tracker,,,,
Chroma Rush,Legendary,Auto Rifle,Kinetic,Kinetic,45,80,18,46,0,0,57,720,61,54,37,0,0,0,Rapid-Fire Frame*,Full Bore*,Hammer-Forged Rifling,Tactical Mag*,Alloy Magazine,Heating Up*,Adrenaline Junkie*,Icarus Grip*,Tier 1 Weapon*,Tracker Disabled*,Kill Tracker,Crucible Tracker,,,
Bastion,Exotic,Fusion Rifle,Kinetic,Kinetic,75,65,85,42,0,0,57,0,32,5,39,740,0,0,Saint's Fists*,Hammer-Forged Rifling*,Liquid Coils*,Breakthrough*,Composite Stock*,Tracker Disabled*,Kill Tracker,Crucible Tracker,Empty Catalyst Socket*,,,,,,
The Guiding Sight,Legendary,Scout Rifle,Kinetic,Kinetic,75,30,67,74,0,0,33,150,42,15,32,0,0,0,High-Impact Frame*,Rifle Scope SSF*,Red Dot 2 MOA,Appended Mag*,Armor-Piercing Rounds,Rapid Hit*,Vorpal Weapon*,Tier 2 Weapon*,Tracker Disabled*,Kill Tracker,Crucible Tracker,,,,
IKELOS_SMG_v1.0.2,Legendary,Submachine Gun,Energy,Arc,90,42,22,54,0,0,52,750,32,30,86,0,0,0,Aggressive Frame*,Fluted Barrel*,Hammer-Forged Rifling,Seraph Rounds*,Flared Magwell,Grave Robber*,Vorpal Weapon,Demolitionist*,Dreaming Spectrum*,Taken Spec*,Masterwork*,Tracker Disabled,Kill Tracker*,Crucible Tracker,
Seventh Seraph Officer Revolver,Legendary,Hand Cannon,Kinetic,Kinetic,94,68,78,35,0,0,70,180,66,13,32,0,0,0,Precision Frame*,Chambered Compensator*,Hammer-Forged Rifling,Tactical Mag*,Extended Mag,Ambitious Assassin*,Vorpal Weapon*,Tier 3 Weapon*,Tracker Disabled*,Kill Tracker,Crucible Tracker,,,,
IKELOS_HC_v1.0.2,Legendary,Hand Cannon,Energy,Void,91,75,78,39,0,0,64,180,44,15,53,0,0,0,Precision Frame*,Fluted Barrel*,Hammer-Forged Rifling,Appended Mag*,Extended Mag,Subsistence*,Eye of the Storm*,Tier 5 Weapon*,Tracker Disabled*,Kill Tracker,Crucible Tracker,,,,
Nation of Beasts,Legendary,Hand Cannon,Energy,Arc,100,71,84,55,0,0,61,140,52,11,57,0,0,0,Adaptive Frame*,Arrowhead Brake*,Chambered Compensator,Polygonal Rifling,Accurized Rounds*,Extended Mag,Ambitious Assassin*,Explosive Payload*,Tier 2 Weapon*,Tracker Disabled*,Kill Tracker,Crucible Tracker,,,
Igneous Hammer,Legendary,Hand Cannon,Energy,Solar,100,69,92,83,0,0,50,120,37,9,34,0,0,0,Aggressive Frame*,Extended Barrel*,Smallbore,Armor-Piercing Rounds,Ricochet Rounds*,Rapid Hit*,Snapshot Sights*,Tier 1 Weapon*,Tracker Disabled*,Kill Tracker,Crucible Tracker,,,,
D.A.R.C.I.,Exotic,Sniper Rifle,Power,Arc,100,60,55,46,0,0,96,140,46,7,82,0,0,0,Personal Assistant*,Extended Barrel*,Extended Mag*,Target Acquired*,Short-Action Stock*,D.A.R.C.I. Catalyst*,,,,,,,,,
Adored,Legendary,Sniper Rifle,Energy,Arc,77,68,70,73,0,0,60,90,44,4,52,0,0,0,Adaptive Frame*,Hammer-Forged Rifling*,Accurized Rounds*,Triple Tap*,Killing Wind,Vorpal Weapon*,Snapshot Sights,Major Spec*,Masterwork*,Rubicund Wrap (Ornament)*,Tracker Disabled,Kill Tracker,Crucible Tracker*,,
True Prophecy,Legendary,Hand Cannon,Kinetic,Kinetic,93,67,92,62,0,0,39,120,31,11,46,0,0,0,Aggressive Frame*,SteadyHand HCS*,Sureshot HCS,Drop Mag,Appended Mag*,Rangefinder*,Explosive Payload*,Tier 1 Weapon*,Tracker Disabled*,Kill Tracker,Crucible Tracker,,,,
Igneous Hammer,Legendary,Hand Cannon,Energy,Solar,95,69,92,73,0,0,50,120,50,9,57,0,0,0,Aggressive Frame*,Corkscrew Rifling*,Fluted Barrel,Armor-Piercing Rounds,Flared Magwell*,Rapid Hit*,Rampage*,Imperial Dress*,Rampage Spec*,Masterwork*,Tracker Disabled,Kill Tracker,Crucible Tracker*,,
Interference VI,Legendary,Grenade Launcher,Power,Arc,66,61,0,0,38,32,53,120,46,6,44,0,0,0,Adaptive Frame*,Volatile Launch*,Smart Drift Control,Spike Grenades*,Alloy Casing,Clown Cartridge*,Full Court*,Tier 3 Weapon*,Tracker Disabled*,Kill Tracker,Crucible Tracker,,,,
Heritage,Legendary,Shotgun,Kinetic,Kinetic,60,68,70,76,0,0,53,65,42,7,78,0,0,0,Precision Frame*,Chambered Compensator,Corkscrew Rifling*,Extended Mag*,Steady Rounds,Reconstruction*,Recombination*,Circadian Chill*,Boss Spec*,Masterwork*,Tracker Disabled,Kill Tracker*,Crucible Tracker,,
Traveler's Chosen,Exotic,Sidearm,Kinetic,Kinetic,85,85,49,86,0,0,73,300,46,15,86,0,0,0,Gathering Light*,QuickDot SAS*,Armor-Piercing Rounds*,Gift of the Traveler*,Short-Action Stock*,Tracker Disabled*,Kill Tracker,Crucible Tracker,Empty Catalyst Socket*,,,,,,
Lord of Wolves,Exotic,Shotgun,Energy,Solar,90,80,68,28,0,0,59,640,64,6,46,0,0,0,Shrapnel Launcher*,Chambered Compensator*,Extended Mag*,Release the Wolves*,Composite Stock*,Tracker Disabled*,Kill Tracker,Crucible Tracker,Empty Catalyst Socket*,,,,,,
Age-Old Bond,Legendary,Auto Rifle,Energy,Void,100,61,33,84,0,0,29,360,23,38,53,0,0,0,High-Impact Frame*,Arrowhead Brake*,Chambered Compensator,Polygonal Rifling,Extended Mag*,Light Mag,Tap the Trigger*,Dragonfly*,Tier 3 Weapon*,Tracker Disabled*,Kill Tracker,Crucible Tracker,,,
Occluded Finality,Legendary,Sniper Rifle,Energy,Arc,77,47,90,86,0,0,41,72,57,3,37,0,0,0,Aggressive Frame*,Hammer-Forged Rifling*,Polygonal Rifling,Appended Mag,Flared Magwell*,Snapshot Sights*,Vorpal Weapon*,Tier 3 Weapon*,Tracker Disabled*,Kill Tracker,Crucible Tracker,,,,
SUROS Regime,Exotic,Auto Rifle,Kinetic,Kinetic,100,68,21,60,0,0,62,600,76,27,68,0,0,0,SUROS Legacy*,Hammer-Forged Rifling*,Tactical Mag*,Spinning Up*,Dual Speed Receiver,Hand-Laid Stock*,SUROS Regime Catalyst*,,,,,,,,
The Third Axiom,Legendary,Pulse Rifle,Energy,Arc,74,66,29,63,0,0,73,390,51,36,57,0,0,0,Adaptive Frame*,Arrowhead Brake,Corkscrew Rifling*,Armor-Piercing Rounds*,Flared Magwell,Feeding Frenzy*,Rampage*,Taken Spec*,Masterwork*,Tracker Disabled*,Kill Tracker,Crucible Tracker,,,
Eternal Blazon,Legendary,Scout Rifle,Energy,Arc,52,67,60,50,0,0,41,200,61,16,61,0,0,0,Lightweight Frame*,Impulse MS3*,Transmission MS7,Alloy Magazine*,Ricochet Rounds,Rapid Hit*,Rangefinder*,Tier 5 Weapon*,Tracker Disabled*,Kill Tracker,Crucible Tracker,,,,
Crimson,Exotic,Hand Cannon,Kinetic,Kinetic,55,75,92,93,0,0,97,415,64,14,42,0,0,0,Banned Weapon*,Smallbore*,Accurized Rounds*,Cruel Remedy*,Heavy Grip*,Crimson Catalyst*,,,,,,,,,
Xenoclast IV,Legendary,Shotgun,Energy,Arc,57,44,65,59,0,0,60,90,59,6,69,0,0,0,Lightweight Frame*,Smallbore*,Full Choke,Assault Mag*,Extended Mag,Genesis*,Trench Barrel*,Tier 2 Weapon*,Tracker Disabled*,Kill Tracker,Crucible Tracker,,,,
Graviton Lance,Exotic,Pulse Rifle,Energy,Void,85,60,29,73,0,0,100,257,61,31,54,0,0,0,Black Hole*,Hammer-Forged Rifling*,Accurized Rounds*,Cosmology*,Fitted Stock*,Carina Nebula*,Graviton Lance Catalyst*,,,,,,,,
Arbalest,Exotic,Linear Fusion Rifle,Kinetic,Kinetic,87,31,41,60,0,0,60,0,35,5,28,533,0,0,Compounding Force*,Extended Barrel*,Projection Fuse*,Disruption Break*,Composite Stock*,Tracker Disabled*,Kill Tracker,Crucible Tracker,Empty Catalyst Socket*,,,,,,
Coldheart,Exotic,Trace Rifle,Energy,Arc,100,100,6,73,0,0,91,1000,55,101,32,0,0,0,Cold Fusion*,Extended Barrel*,Enhanced Battery*,Longest Winter*,Hand-Laid Stock*,Coldheart Catalyst*,,,,,,,,,
The Supremacy,Legendary,Sniper Rifle,Kinetic,Kinetic,70,77,55,52,0,0,44,140,66,5,63,0,0,0,Rapid-Fire Frame*,Extended Barrel*,Fluted Barrel,Smallbore,Armor-Piercing Rounds*,Ricochet Rounds,Outlaw*,Kill Clip*,Tier 1 Weapon*,Tracker Disabled*,Kill Tracker,Crucible Tracker,,,
Friction Fire,Legendary,Submachine Gun,Kinetic,Kinetic,85,52,25,60,0,0,51,600,26,28,33,0,0,0,Precision Frame*,Corkscrew Rifling*,Hammer-Forged Rifling,Drop Mag,Appended Mag*,Threat Detector*,Vorpal Weapon*,Tier 4 Weapon*,Tracker Disabled*,Kill Tracker,Crucible Tracker,,,,
Ruinous Effigy,Exotic,Trace Rifle,Energy,Void,96,84,8,50,0,0,80,1000,40,94,58,0,0,0,Transmutation*,Hammer-Forged Rifling*,Particle Repeater*,Evolution*,Composite Stock*,Tracker Disabled*,Kill Tracker,Crucible Tracker,Ruinous Effigy Catalyst*,,,,,,
Trinity Ghoul,Exotic,Combat Bow,Energy,Arc,77,74,80,0,0,0,50,0,64,0,67,0,648,96,Split Electron*,High Tension String*,Compact Arrow Shaft*,Lightning Rod*,Tracker Disabled,Kill Tracker*,Crucible Tracker,Trinity Ghoul Catalyst*,,,,,,,
IKELOS_SR_v1.0.2,Legendary,Sniper Rifle,Energy,Solar,57,73,55,46,0,0,52,140,61,5,84,0,0,0,Rapid-Fire Frame*,Corkscrew Rifling,Fluted Barrel*,Accurized Rounds*,Flared Magwell,Triple Tap*,High-Impact Reserves*,Tier 3 Weapon*,Tracker Disabled*,Kill Tracker,Crucible Tracker,,,,
Stars in Shadow,Legendary,Pulse Rifle,Energy,Solar,64,28,33,70,0,0,62,340,41,34,35,0,0,0,High-Impact Frame*,Corkscrew Rifling*,Full Bore,Appended Mag*,Steady Rounds,Outlaw*,Kill Clip*,Minor Spec*,Masterwork*,Tracker Disabled,Kill Tracker*,Crucible Tracker,,,
Seventh Seraph Carbine,Legendary,Auto Rifle,Kinetic,Kinetic,100,34,29,63,0,0,45,450,47,38,54,0,0,0,Precision Frame*,Arrowhead Brake*,Extended Barrel,Appended Mag*,Flared Magwell,Threat Detector*,Swashbuckler*,Tier 1 Weapon*,Tracker Disabled*,Kill Tracker,Crucible Tracker,,,,
Exile's Curse,Legendary,Fusion Rifle,Energy,Arc,100,61,95,53,0,0,43,0,27,5,45,1000,0,0,High-Impact Frame*,Arrowhead Brake*,Fluted Barrel,Particle Repeater*,Projection Fuse,Firmly Planted*,Feeding Frenzy*,Tier 2 Weapon*,Tracker Disabled*,Kill Tracker,Crucible Tracker,,,,
Le Monarque,Exotic,Combat Bow,Energy,Void,78,70,76,0,0,0,56,0,55,0,72,0,684,85,Poison Arrows*,Natural String*,Compact Arrow Shaft*,Snapshot Sights*,Tracker Disabled*,Kill Tracker,Crucible Tracker,Empty Catalyst Socket*,,,,,,,
The Queenbreaker,Exotic,Linear Fusion Rifle,Power,Arc,80,60,41,68,0,0,91,0,64,6,42,633,0,0,Wire Rifle*,Marksman Sights*,Combat Sights,Enhanced Battery*,Hip-Fire Grip*,Quickdraw,Fitted Stock*,Tracker Disabled*,Kill Tracker,Crucible Tracker,Empty Catalyst Socket*,,,,
Sojourner's Tale,Legendary,Shotgun,Energy,Solar,56,35,70,79,0,0,46,65,59,6,67,0,0,0,Precision Frame*,Hammer-Forged Rifling*,Light Mag*,Moving Target*,Dragonfly*,Tier 1 Weapon*,Tracker Disabled*,Kill Tracker,Crucible Tracker,,,,,,
The Messenger,Legendary,Pulse Rifle,Kinetic,Kinetic,60,37,33,80,0,0,83,340,44,31,38,0,0,0,High-Impact Frame*,Chambered Compensator,Smallbore*,Armor-Piercing Rounds,Ricochet Rounds*,Outlaw*,Desperado*,Icarus Grip*,Masterwork*,Tracker Disabled,Kill Tracker,Crucible Tracker*,,,
Seventh Seraph SAW,Legendary,Machine Gun,Power,Arc,41,30,70,75,0,0,34,360,38,43,43,0,0,0,High-Impact Frame*,Corkscrew Rifling*,Smallbore,High-Caliber Rounds*,Flared Magwell,Zen Moment*,Vorpal Weapon*,Tier 4 Weapon*,Tracker Disabled*,Kill Tracker,Crucible Tracker,,,,
Ancient Gospel,Legendary,Hand Cannon,Energy,Solar,100,74,84,60,0,0,67,140,50,11,56,0,0,0,Adaptive Frame*,Corkscrew Rifling*,Full Bore,Accurized Rounds*,Tactical Mag,Outlaw*,Rangefinder*,Tier 2 Weapon*,Tracker Disabled*,Kill Tracker,Crucible Tracker,,,,
Skyburner's Oath,Exotic,Scout Rifle,Energy,Solar,100,90,60,82,0,0,55,200,37,18,68,0,0,0,Slug Rifle*,Extended Barrel*,Extended Mag*,For the Empire*,Short-Action Stock*,Skyburner Catalyst*,,,,,,,,,
"First In, Last Out",Legendary,Shotgun,Energy,Arc,58,27,70,76,0,0,60,65,50,6,68,0,0,0,Precision Frame*,Corkscrew Rifling*,Full Bore,Steady Rounds,Accurized Rounds*,Outlaw*,Surrounded*,Boss Spec*,Masterwork*,Tracker Disabled,Kill Tracker*,Crucible Tracker,,,
Death Adder,Legendary,Submachine Gun,Energy,Solar,95,55,15,41,0,0,58,900,33,37,64,0,0,0,Lightweight Frame*,Chambered Compensator,Hammer-Forged Rifling*,Extended Mag,Steady Rounds*,Dynamic Sway Reduction*,Dragonfly*,Dragonfly Spec*,Tier 3 Weapon*,Tracker Disabled*,Kill Tracker,Crucible Tracker,,,
Seventh Seraph SAW,Legendary,Machine Gun,Power,Arc,51,30,70,66,0,0,39,360,22,56,31,0,0,0,High-Impact Frame*,Chambered Compensator*,Smallbore,Extended Mag*,Armor-Piercing Rounds,Clown Cartridge*,Vorpal Weapon*,Boss Spec*,Tier 2 Weapon*,Tracker Disabled*,Kill Tracker,Crucible Tracker,,,
The Scholar,Legendary,Scout Rifle,Kinetic,Kinetic,100,32,67,69,0,0,29,150,38,16,65,0,0,0,High-Impact Frame*,Arrowhead Brake*,Full Bore,Extended Mag*,Flared Magwell,Quickdraw*,Celerity*,Tier 1 Weapon*,Tracker Disabled*,Kill Tracker,Crucible Tracker,,,,
Scathelocke,Legendary,Auto Rifle,Kinetic,Kinetic,70,65,21,68,0,0,45,600,60,42,57,0,0,0,Adaptive Frame*,Extended Barrel*,Smallbore,Accurized Rounds*,Flared Magwell,Under Pressure*,Rampage*,Tier 1 Weapon*,Tracker Disabled*,Kill Tracker,Crucible Tracker,,,,
Empty Vessel,Legendary,Grenade Launcher,Energy,Solar,76,73,0,0,5,79,36,90,68,1,71,0,0,0,Lightweight Frame*,Linear Compensator*,Quick Launch,Blinding Grenades*,Concussion Grenades,Field Prep*,Danger Zone*,Tier 4 Weapon*,Tracker Disabled*,Kill Tracker,Crucible Tracker,,,,
Ignition Code,Legendary,Grenade Launcher,Kinetic,Kinetic,100,71,0,0,55,75,53,90,68,1,77,0,0,0,Lightweight Frame*,Countermass*,Smart Drift Control,Proximity Grenades,Spike Grenades*,Ambitious Assassin*,Danger Zone*,Tier 4 Weapon*,Tracker Disabled*,Kill Tracker,Crucible Tracker,,,,
Shattered Cipher,Legendary,Machine Gun,Power,Void,55,64,25,39,0,0,49,900,68,75,38,0,0,0,Rapid-Fire Frame*,Chambered Compensator*,Corkscrew Rifling,Accurized Rounds*,Appended Mag,Auto-Loading Holster*,Adrenaline Junkie*,Tier 2 Weapon*,Tracker Disabled*,Kill Tracker,Crucible Tracker,,,,
Shattered Cipher,Legendary,Machine Gun,Power,Void,45,64,25,28,0,0,49,900,68,75,44,0,0,0,Rapid-Fire Frame*,Polygonal Rifling*,Smallbore,Alloy Magazine*,Flared Magwell,Auto-Loading Holster*,Zen Moment,Rampage*,Minor Spec*,Tier 4 Weapon*,Tracker Disabled*,Kill Tracker,Crucible Tracker,,
Commemoration,Legendary,Machine Gun,Power,Void,100,64,41,62,0,0,65,450,64,64,50,0,0,0,Adaptive Frame*,Arrowhead Brake*,Smallbore,Tactical Mag*,Extended Mag,Zen Moment*,Rampage*,Tier 1 Weapon*,Tracker Disabled*,Kill Tracker,Crucible Tracker,,,,
Last Perdition,Legendary,Pulse Rifle,Energy,Void,63,60,29,63,0,0,63,390,49,38,42,0,0,0,Adaptive Frame*,SRO-37 Ocular*,SPO-26 Front,Accurized Rounds*,Steady Rounds,Outlaw*,Rampage*,Crucible Legacy*,Tier 1 Weapon*,Tracker Disabled*,Kill Tracker,Crucible Tracker,,,
Royal Entry,Legendary,Rocket Launcher,Power,Void,75,65,0,0,65,68,54,15,45,1,61,0,0,0,Precision Frame*,Quick Launch*,Smart Drift Control,High-Velocity Rounds*,Impact Casing,Moving Target*,Ambitious Assassin*,Tier 3 Weapon*,Tracker Disabled*,Kill Tracker,Crucible Tracker,,,,
Archon's Thunder,Legendary,Machine Gun,Power,Solar,76,27,70,79,0,0,25,360,40,52,40,0,0,0,High-Impact Frame*,Hammer-Forged Rifling*,Polygonal Rifling,Appended Mag*,Extended Mag,Quickdraw*,Elemental Capacitor*,Tier 3 Weapon*,Tracker Disabled*,Kill Tracker,Crucible Tracker,,,,
Seventh Seraph CQC-12,Legendary,Shotgun,Energy,Solar,56,46,65,58,0,0,41,80,64,6,81,0,0,0,Lightweight Frame*,Smoothbore,Full Choke*,Tactical Mag,Accurized Rounds*,Quickdraw*,Snapshot Sights*,Icarus Grip*,Masterwork*,Tracker Disabled,Kill Tracker,Crucible Tracker*,,,
Salvager's Salvo,Legendary,Grenade Launcher,Energy,Arc,75,70,0,0,55,82,42,90,73,1,96,0,0,0,Lightweight Frame*,Quick Launch*,Spike Grenades*,Ambitious Assassin*,Demolitionist,Vorpal Weapon*,Chain Reaction,Taken Spec*,Masterwork*,Panacea*,Tracker Disabled,Kill Tracker*,Crucible Tracker,,
Quickfang,Legendary,Sword,Power,Void,0,0,58,0,0,0,0,0,0,80,0,0,0,0,Lightweight Frame*,Enduring Blade*,Honed Edge,Tempered Edge,Swordmaster's Guard*,Relentless Strikes*,One for All*,Tier 1 Weapon*,Tracker Disabled*,Kill Tracker,Crucible Tracker,,,,
Astral Horizon,Legendary,Shotgun,Kinetic,Kinetic,62,34,80,41,0,0,34,55,40,4,44,0,0,0,Aggressive Frame*,Smoothbore,Full Choke*,Appended Mag,Accurized Rounds*,Surplus*,Opening Shot*,Icarus Grip*,Masterwork*,Tracker Disabled,Kill Tracker,Crucible Tracker*,,,
Sola's Scar,Legendary,Sword,Power,Solar,0,0,60,0,0,0,0,0,0,64,0,0,0,0,Caster Frame*,Hungry Edge*,Enduring Blade,Jagged Edge,Balanced Guard*,Swordmaster's Guard,Tireless Blade*,Thresh*,Tier 1 Weapon*,Tracker Disabled*,Kill Tracker,Crucible Tracker,,,
Tommy's Matchbook,Exotic,Auto Rifle,Energy,Solar,64,81,18,58,0,0,59,720,10,72,62,0,0,0,Ignition Trigger*,Hammer-Forged Rifling*,Extended Mag*,Heat Sink*,Hand-Laid Stock*,Tracker Disabled*,Kill Tracker,Crucible Tracker,Empty Catalyst Socket*,,,,,,
Bite of the Fox,Legendary,Sniper Rifle,Kinetic,Kinetic,78,41,90,68,0,0,50,72,35,3,28,0,0,0,Aggressive Frame*,Chambered Compensator*,Polygonal Rifling,Steady Rounds*,Flared Magwell,Snapshot Sights*,Rampage*,Iron Fuchsite*,Tier 3 Weapon*,Tracker Disabled*,Kill Tracker,Crucible Tracker,,,
The Summoner,Legendary,Auto Rifle,Energy,Solar,67,62,21,55,0,0,47,600,43,50,64,0,0,0,Adaptive Frame*,Extended Barrel*,Full Bore,Extended Mag*,Flared Magwell,Zen Moment*,Dragonfly*,Dragonfly Spec*,Tier 1 Weapon*,Tracker Disabled*,Kill Tracker,Crucible Tracker,,,
Sojourner's Tale,Legendary,Shotgun,Energy,Solar,86,35,70,65,0,0,46,65,32,7,78,0,0,0,Precision Frame*,Arrowhead Brake*,Extended Barrel,Extended Mag*,Light Mag,Tunnel Vision*,Opening Shot*,Tier 3 Weapon*,Tracker Disabled*,Kill Tracker,Crucible Tracker,,,,
Sola's Scar,Legendary,Sword,Power,Solar,0,0,60,0,0,0,0,0,0,64,0,0,0,0,Caster Frame*,Hungry Edge*,Jagged Edge,Tempered Edge,Enduring Guard*,Heavy Guard,Relentless Strikes*,En Garde*,Tier 1 Weapon*,Tracker Disabled*,Kill Tracker,Crucible Tracker,,,
IKELOS_SG_v1.0.2,Legendary,Shotgun,Energy,Solar,69,72,65,45,0,0,57,140,65,7,63,0,0,0,Rapid-Fire Frame*,Chambered Compensator,Fluted Barrel*,Extended Mag,Steady Rounds*,Feeding Frenzy*,Trench Barrel*,Major Spec*,Masterwork*,Tracker Disabled,Kill Tracker*,Crucible Tracker,,,
"First In, Last Out",Legendary,Shotgun,Energy,Arc,58,27,70,68,0,0,60,65,60,7,64,0,0,0,Precision Frame*,Chambered Compensator,Smallbore*,Tactical Mag*,Steady Rounds,Auto-Loading Holster*,Opening Shot*,Tier 3 Weapon*,Tracker Disabled*,Kill Tracker,Crucible Tracker,,,,
Shining Sphere,Legendary,Rocket Launcher,Power,Arc,60,58,0,0,80,45,50,20,72,1,49,0,0,0,Adaptive Frame*,Confined Launch*,Hard Launch,Alloy Casing*,Impact Casing,Auto-Loading Holster*,Tracking Module*,Tier 4 Weapon*,Tracker Disabled*,Kill Tracker,Crucible Tracker,,,,
THE SWARM,Legendary,Machine Gun,Power,Arc,79,39,70,81,0,0,44,360,44,47,38,0,0,0,High-Impact Frame*,Full Bore*,Hammer-Forged Rifling,Steady Rounds*,Alloy Magazine,Outlaw*,Zen Moment*,Tier 1 Weapon*,Tracker Disabled*,Kill Tracker,Crucible Tracker,,,,
Sojourner's Tale,Legendary,Shotgun,Energy,Solar,56,35,70,65,0,0,64,70,50,6,82,0,0,0,Precision Frame*,Fluted Barrel*,Hammer-Forged Rifling,Assault Mag*,Appended Mag,Auto-Loading Holster*,Surrounded*,Tier 2 Weapon*,Tracker Disabled*,Kill Tracker,Crucible Tracker,,,,
Two-Tailed Fox,Exotic,Rocket Launcher,Power,Void,61,67,0,0,70,55,73,40,45,1,57,0,0,0,Twintails*,Confined Launch*,High-Velocity Rounds*,Play with Your Prey*,Composite Stock*,Tracker Disabled*,Kill Tracker,Crucible Tracker,Empty Catalyst Socket*,,,,,,
Merciless,Exotic,Fusion Rifle,Energy,Solar,94,69,75,81,0,0,93,0,31,8,38,1040,0,0,Conserve Momentum*,Chambered Compensator*,Extended Mag*,Impetus*,Fitted Stock*,Merciless Catalyst*,,,,,,,,,
Beloved,Legendary,Sniper Rifle,Energy,Solar,77,68,70,60,0,0,60,90,58,4,66,0,0,0,Adaptive Frame*,Corkscrew Rifling*,Extended Barrel,Drop Mag,Flared Magwell*,Snapshot Sights*,Quickdraw*,Shadow Gilt*,Icarus Grip*,Masterwork*,Tracker Disabled,Kill Tracker,Crucible Tracker*,,
Shayura's Wrath,Legendary,Submachine Gun,Energy,Void,100,60,25,66,0,0,63,600,59,28,48,0,0,0,Precision Frame*,Chambered Compensator*,Fluted Barrel,Tactical Mag*,Steady Rounds,Dynamic Sway Reduction*,Celerity*,Tier 3 Weapon*,Tracker Disabled*,Kill Tracker,Crucible Tracker,,,,
No Time to Explain,Exotic,Pulse Rifle,Kinetic,Kinetic,90,45,33,82,0,0,64,340,64,24,61,0,0,0,Rewind Again*,Fluted Barrel*,Accurized Rounds*,Time-Slip*,Full Auto Trigger System*,Tracker Disabled*,Kill Tracker,Crucible Tracker,Empty Catalyst Socket*,,,,,,
Hawkmoon,Exotic,Hand Cannon,Kinetic,Kinetic,96,93,78,70,0,0,58,140,63,8,78,0,0,0,Paracausal Shot*,Full Bore*,Alloy Magazine*,Surplus*,Polymer Grip*,Tracker Disabled*,Kill Tracker,Crucible Tracker,Empty Catalyst Socket*,,,,,,
Truthteller,Legendary,Grenade Launcher,Energy,Void,70,79,0,0,5,68,40,90,74,1,73,0,0,0,Lightweight Frame*,Confined Launch*,Hard Launch,Blinding Grenades*,High-Velocity Rounds,Auto-Loading Holster*,Disruption Break*,Tier 1 Weapon*,Tracker Disabled*,Kill Tracker,Crucible Tracker,,,,
Shayura's Wrath,Legendary,Submachine Gun,Energy,Void,95,60,25,68,0,0,68,600,32,27,39,0,0,0,Precision Frame*,Corkscrew Rifling*,Fluted Barrel,Steady Rounds*,Flared Magwell,Tunnel Vision*,Adrenaline Junkie*,Tier 5 Weapon*,Tracker Disabled*,Kill Tracker,Crucible Tracker,,,,
Orewing's Maul,Legendary,Grenade Launcher,Energy,Void,80,73,0,0,5,90,22,90,74,1,69,0,0,0,Lightweight Frame*,Hard Launch*,Linear Compensator,Quick Launch,Blinding Grenades*,Implosion Rounds,Grave Robber*,Rangefinder*,Tier 1 Weapon*,Tracker Disabled*,Kill Tracker,Crucible Tracker,,,
Ticuu's Divination,Exotic,Combat Bow,Energy,Solar,60,79,68,0,0,0,66,0,64,0,69,0,612,63,Sacred Flame*,Tactile String*,Straight Fletching*,Causality Arrows*,Tracker Disabled*,Kill Tracker,Crucible Tracker,Ticuu's Divination Catalyst*,,,,,,,
Posterity,Legendary,Hand Cannon,Energy,Arc,100,79,78,54,0,0,64,180,63,16,33,0,0,0,Precision Frame*,Extended Barrel*,Polygonal Rifling,Appended Mag*,Alloy Magazine,Killing Wind*,Rampage*,Tier 2 Weapon*,Tracker Disabled*,Kill Tracker,Crucible Tracker,,,,
Long Shadow,Legendary,Sniper Rifle,Kinetic,Kinetic,47,59,70,73,0,0,48,90,46,4,37,0,0,0,Adaptive Frame*,ATB Long Range*,ATD Raptor,Accurized Rounds*,Tactical Mag,Rapid Hit*,Triple Tap*,Vanguard Veteran*,Tier 1 Weapon*,Tracker Disabled*,Kill Tracker,Crucible Tracker,,,
Rat King,Exotic,Sidearm,Kinetic,Kinetic,80,60,49,43,0,0,61,300,55,15,50,0,0,0,Rat Pack*,Smallbore*,Tactical Mag*,Vermin*,Smooth Grip*,Rat King Catalyst*,,,,,,,,,
Sola's Scar,Legendary,Sword,Power,Solar,0,0,59,0,0,0,0,0,0,67,0,0,0,0,Caster Frame*,Enduring Blade*,Jagged Edge,Tempered Edge,Enduring Guard*,Heavy Guard,Relentless Strikes*,Counterattack*,Tier 2 Weapon*,Tracker Disabled*,Kill Tracker,Crucible Tracker,,,
The Colony,Exotic,Grenade Launcher,Power,Void,80,60,0,0,22,42,91,140,73,8,86,0,0,0,Insectoid Robot Grenades*,Linear Compensator*,High-Velocity Rounds*,Serve the Colony*,Composite Stock*,Colony Catalyst*,,,,,,,,,
Tarrabah,Exotic,Submachine Gun,Energy,Solar,100,40,22,62,0,0,37,750,42,31,46,0,0,0,Ravenous Beast*,Extended Barrel*,Armor-Piercing Rounds*,Bottomless Appetite*,Hand-Laid Stock*,Tracker Disabled*,Kill Tracker,Crucible Tracker,Empty Catalyst Socket*,,,,,,
One Thousand Voices,Exotic,Fusion Rifle,Power,Solar,100,100,100,100,0,0,55,0,37,4,10,1000,0,0,Ahamkara's Eye*,Extended Barrel*,Liquid Coils*,Unforeseen Repercussions*,Fitted Stock*,Scrimshander's Song*,Tracker Disabled*,Kill Tracker,Crucible Tracker,Empty Catalyst Socket*,,,,,
Hawthorne's Field-Forged Shotgun,Legendary,Shotgun,Kinetic,Kinetic,60,45,65,60,0,0,50,90,66,7,50,0,0,0,Lightweight Frame*,Rifled Barrel*,Barrel Shroud,Assault Mag*,Accurized Rounds,Field Prep*,One-Two Punch*,Tier 2 Weapon*,Tracker Disabled*,Kill Tracker,Crucible Tracker,,,,
Peacebond,Legendary,Sidearm,Kinetic,Stasis,100,69,75,56,0,0,77,491,36,30,50,0,0,0,Adaptive Frame*,Chambered Compensator*,Polygonal Rifling,Steady Rounds*,Flared Magwell,Killing Wind*,Iron Reach*,Tier 3 Weapon*,Tracker Disabled*,Kill Tracker,Crucible Tracker,,,,
The Messenger,Legendary,Pulse Rifle,Kinetic,Kinetic,60,37,33,69,0,0,63,340,44,31,56,0,0,0,High-Impact Frame*,Fluted Barrel*,Smallbore,Alloy Magazine*,Light Mag,Killing Wind*,One for All*,Tier 5 Weapon*,Tracker Disabled*,Kill Tracker,Crucible Tracker,,,,
Astral Horizon,Legendary,Shotgun,Kinetic,Kinetic,62,34,80,37,0,0,43,55,49,5,40,0,0,0,Aggressive Frame*,Smoothbore,Corkscrew Rifling*,Tactical Mag*,Accurized Rounds,Field Prep*,Swashbuckler*,Tier 1 Weapon*,Tracker Disabled*,Kill Tracker,Crucible Tracker,,,,
The Forward Path,Legendary,Auto Rifle,Kinetic,Kinetic,60,71,21,64,0,0,48,600,65,43,81,0,0,0,Adaptive Frame*,Cleanshot IS*,Hitmark IS,Accurized Rounds*,Extended Mag,Grave Robber*,Multikill Clip*,Tier 1 Weapon*,Tracker Disabled*,Kill Tracker,Crucible Tracker,,,,
Hawkmoon,Exotic,Hand Cannon,Kinetic,Kinetic,100,93,78,57,0,0,67,140,63,8,83,0,0,0,Paracausal Shot*,Arrowhead Brake*,Alloy Magazine*,Quickdraw*,Combat Grip*,Tracker Disabled*,Kill Tracker,Crucible Tracker,Empty Catalyst Socket*,,,,,,
Trinary System,Legendary,Fusion Rifle,Energy,Solar,65,54,68,45,0,0,58,0,27,8,37,648,0,0,Adaptive Frame*,Chambered Compensator*,Corkscrew Rifling,Ionized Battery*,Liquid Coils,Under Pressure*,High-Impact Reserves*,Tier 3 Weapon*,Tracker Disabled*,Kill Tracker,Crucible Tracker,,,,
Ancient Gospel,Legendary,Hand Cannon,Energy,Solar,100,74,84,47,0,0,76,140,49,11,65,0,0,0,Adaptive Frame*,Arrowhead Brake,Fluted Barrel*,Drop Mag,Alloy Magazine*,Outlaw*,Kill Clip*,Metallic Sunrise*,Icarus Grip*,Masterwork*,Tracker Disabled,Kill Tracker,Crucible Tracker*,,
Bequest,Legendary,Sword,Power,Arc,0,0,71,0,0,0,0,0,0,64,0,0,0,0,Adaptive Frame*,Hungry Edge*,Honed Edge,Balanced Guard*,Burst Guard,Tireless Blade*,Surrounded*,Tier 3 Weapon*,Tracker Disabled*,Kill Tracker,Crucible Tracker,,,,
The Messenger,Legendary,Pulse Rifle,Kinetic,Kinetic,60,37,33,74,0,0,68,340,53,31,38,0,0,0,High-Impact Frame*,Polygonal Rifling*,Smallbore,High-Caliber Rounds*,Light Mag,Killing Wind*,Desperado*,Icarus Grip*,Masterwork*,Tracker Disabled,Kill Tracker,Crucible Tracker*,,,
Hard Light,Exotic,Auto Rifle,Energy,Void,100,100,21,46,0,0,82,600,68,49,79,0,0,0,Volatile Light*,Polygonal Rifling*,Alloy Magazine*,The Fundamentals*,Composite Stock*,Hard Light Catalyst*,,,,,,,,,
The Recluse,Legendary,Submachine Gun,Energy,Void,100,55,15,54,0,0,70,900,35,36,67,0,0,0,Lightweight Frame*,Polygonal Rifling*,Ricochet Rounds*,Feeding Frenzy*,Master of Arms*,Metallic Sunrise*,Masterwork*,Tracker Disabled,Kill Tracker,Crucible Tracker*,,,,,
Night Watch,Legendary,Scout Rifle,Kinetic,Kinetic,67,69,60,52,0,0,54,200,62,16,64,0,0,0,Lightweight Frame*,Chambered Compensator*,Extended Barrel,Accurized Rounds*,Flared Magwell,Rapid Hit*,Rampage*,Tier 4 Weapon*,Tracker Disabled*,Kill Tracker,Crucible Tracker,,,,
Dead Man's Tale,Exotic,Scout Rifle,Kinetic,Kinetic,89,60,67,79,0,0,43,120,55,14,68,0,0,0,Cranial Spike*,Smallbore*,Accurized Rounds*,Snapshot Sights*,Short-Action Stock*,Burial Wrap*,Tracker Disabled,Kill Tracker,Crucible Tracker*,Dead Man's Tale Catalyst*,,,,,
Lorentz Driver,Exotic,Linear Fusion Rifle,Energy,Void,100,32,41,44,0,0,57,0,35,6,46,533,0,0,Lagrangian Sight*,Arrowhead Brake*,Enhanced Battery*,EM Anomaly*,Composite Stock*,Tracker Disabled*,Kill Tracker,Crucible Tracker,Empty Catalyst Socket*,,,,,,
Nation of Beasts,Legendary,Hand Cannon,Energy,Arc,95,71,84,60,0,0,52,140,32,14,43,0,0,0,Adaptive Frame*,Arrowhead Brake,Full Bore*,Polygonal Rifling,Extended Mag*,Steady Rounds,Outlaw*,Rampage*,Tier 1 Weapon*,Tracker Disabled*,Kill Tracker,Crucible Tracker,,,
Shattered Cipher,Legendary,Machine Gun,Power,Void,45,64,25,42,0,0,37,900,78,82,38,0,0,0,Rapid-Fire Frame*,Full Bore*,Smallbore,Tactical Mag*,Steady Rounds,Under Pressure*,Unrelenting*,Tier 2 Weapon*,Tracker Disabled*,Kill Tracker,Crucible Tracker,,,,
Threaded Needle,Legendary,Linear Fusion Rifle,Power,Void,95,62,41,43,0,0,55,0,10,6,44,533,0,0,Precision Frame*,Arrowhead Brake*,Polygonal Rifling,Ionized Battery*,Projection Fuse,Killing Wind*,Dragonfly*,Tier 3 Weapon*,Tracker Disabled*,Kill Tracker,Crucible Tracker,,,,
Sojourner's Tale,Legendary,Shotgun,Energy,Solar,56,35,70,69,0,0,50,65,50,7,71,0,0,0,Precision Frame*,Corkscrew Rifling*,Hammer-Forged Rifling,Appended Mag*,Steady Rounds,Auto-Loading Holster*,Killing Wind*,Tier 1 Weapon*,Tracker Disabled*,Kill Tracker,Crucible Tracker,,,,
Dead Man's Tale,Exotic,Scout Rifle,Kinetic,Kinetic,99,60,67,73,0,0,46,120,68,14,50,0,0,0,Cranial Spike*,Extended Barrel*,Flared Magwell*,Outlaw*,Composite Stock*,Tracker Disabled*,Kill Tracker,Crucible Tracker,Empty Catalyst Socket*,,,,,,
Reckless Oracle,Legendary,Auto Rifle,Energy,Void,59,75,18,38,0,0,69,720,60,51,50,0,0,0,Rapid-Fire Frame*,Polygonal Rifling*,Smallbore,Armor-Piercing Rounds*,Light Mag,Outlaw*,Kill Clip*,Tier 3 Weapon*,Tracker Disabled*,Kill Tracker,Crucible Tracker,,,,
Salvation's Grip,Exotic,Grenade Launcher,Power,Stasis,63,68,0,0,32,43,42,120,60,8,61,0,0,0,Cryocannon*,Linear Compensator*,Alloy Casing*,Flash Freeze*,Polymer Grip*,Tracker Disabled*,Kill Tracker,Crucible Tracker,Empty Catalyst Socket*,,,,,,
Heir Apparent,Exotic,Machine Gun,Power,Solar,95,90,39,68,0,0,62,900,55,115,70,0,0,0,Heavy Slug Thrower*,Corkscrew Rifling*,Appended Mag*,Armor of the Colossus*,Combat Grip*,Tracker Disabled*,Kill Tracker,Crucible Tracker,Heir Apparent Catalyst*,,,,,,
Bottom Dollar,Legendary,Hand Cannon,Energy,Void,85,66,92,64,0,0,42,120,32,11,51,0,0,0,Aggressive Frame*,Fluted Barrel*,Smallbore,Appended Mag*,Steady Rounds,Rapid Hit*,Eye of the Storm*,Boss Spec*,Tier 3 Weapon*,Tracker Disabled*,Kill Tracker,Crucible Tracker,,,
Bottom Dollar,Legendary,Hand Cannon,Energy,Void,95,66,92,72,0,0,49,120,32,9,29,0,0,0,Aggressive Frame*,Extended Barrel*,Fluted Barrel,Steady Rounds*,Flared Magwell,Subsistence*,Wellspring*,Tier 4 Weapon*,Tracker Disabled*,Kill Tracker,Crucible Tracker,,,,
Bottom Dollar,Legendary,Hand Cannon,Energy,Void,95,66,92,73,0,0,36,120,32,11,29,0,0,0,Aggressive Frame*,Extended Barrel*,Fluted Barrel,Appended Mag*,Tactical Mag,Fourth Time's the Charm*,Rampage*,Tier 1 Weapon*,Tracker Disabled*,Kill Tracker,Crucible Tracker,,,,
Gnawing Hunger,Legendary,Auto Rifle,Energy,Void,54,65,21,58,0,0,58,600,71,46,71,0,0,0,Adaptive Frame*,Corkscrew Rifling*,Full Bore,Tactical Mag*,Alloy Magazine,Zen Moment*,Swashbuckler*,Tier 1 Weapon*,Tracker Disabled*,Kill Tracker,Crucible Tracker,,,,
Royal Chase,Legendary,Scout Rifle,Energy,Void,63,63,62,44,0,0,62,180,46,16,54,0,0,0,Precision Frame*,Corkscrew Rifling*,Polygonal Rifling,Steady Rounds*,Flared Magwell,Grave Robber*,Multikill Clip*,Taken Spec*,Tier 3 Weapon*,Tracker Disabled*,Kill Tracker,Crucible Tracker,,,
Malfeasance,Exotic,Hand Cannon,Kinetic,Kinetic,98,50,78,50,0,0,96,180,64,14,32,0,0,0,Explosive Shadow*,Corkscrew Rifling*,Extended Mag*,Taken Predator*,Heavy Grip*,Tracker Disabled*,Kill Tracker,Crucible Tracker,Empty Catalyst Socket*,,,,,,
Temptation's Hook,Legendary,Sword,Power,Arc,0,0,47,0,0,0,0,0,0,59,0,0,0,0,Caster Frame*,Hungry Edge*,Enduring Blade,Tempered Edge,Enduring Guard*,Heavy Guard,Relentless Strikes*,Whirlwind Blade*,Boss Spec*,Tier 2 Weapon*,Tracker Disabled*,Kill Tracker,Crucible Tracker,,
Corsair's Wrath,Legendary,Linear Fusion Rifle,Power,Solar,84,61,38,53,0,0,44,0,30,5,23,533,0,0,Precision Frame*,Extended Barrel*,Full Bore,Accelerated Coils*,Liquid Coils,Killing Wind*,Kill Clip*,Tier 4 Weapon*,Tracker Disabled*,Kill Tracker,Crucible Tracker,,,,
Eye of Sol,Legendary,Sniper Rifle,Kinetic,Kinetic,72,68,70,64,0,0,59,90,61,4,51,0,0,0,Adaptive Frame*,Full Bore,Hammer-Forged Rifling*,Extended Mag,Flared Magwell*,Firmly Planted*,Opening Shot*,Tier 2 Weapon*,Tracker Disabled*,Kill Tracker,Crucible Tracker,,,,
Bonechiller,Legendary,Shotgun,Energy,Void,70,61,70,69,0,0,57,65,48,5,38,0,0,0,Precision Frame*,Chambered Compensator*,Polygonal Rifling,Accurized Rounds*,Light Mag,Surplus*,One for All*,Tier 1 Weapon*,Tracker Disabled*,Kill Tracker,Crucible Tracker,,,,
Deafening Whisper,Legendary,Grenade Launcher,Energy,Void,81,63,0,0,55,81,49,72,82,1,84,0,0,0,Wave Frame*,Linear Compensator*,Quick Launch,High-Velocity Rounds*,Implosion Rounds,Ambitious Assassin*,Threat Detector*,Major Spec*,Masterwork*,Tracker Disabled*,Kill Tracker,Crucible Tracker,,,
Negative Space,Legendary,Sword,Power,Solar,0,0,59,0,0,0,0,0,0,67,0,0,0,0,Adaptive Frame*,Enduring Blade*,Tempered Edge,Heavy Guard*,Swordmaster's Guard,Relentless Strikes*,Whirlwind Blade*,Tier 3 Weapon*,Tracker Disabled*,Kill Tracker,Crucible Tracker,,,,
Falling Guillotine,Legendary,Sword,Power,Void,0,0,65,0,0,0,0,0,0,62,0,0,0,0,Vortex Frame*,Hungry Edge,Enduring Blade,Tempered Edge*,Balanced Guard,Swordmaster's Guard*,Relentless Strikes*,Whirlwind Blade*,En Garde,Boss Spec*,Masterwork*,Tracker Disabled,Kill Tracker*,Crucible Tracker,
Finite Impactor,Legendary,Hand Cannon,Energy,Arc,99,79,84,42,0,0,61,140,46,10,60,0,0,0,Adaptive Frame*,SteadyHand HCS*,TrueSight HCS,Alloy Magazine*,Ricochet Rounds,Under Pressure*,Multikill Clip*,Tier 1 Weapon*,Tracker Disabled*,Kill Tracker,Crucible Tracker,,,,
Tarantula,Legendary,Linear Fusion Rifle,Power,Arc,65,58,41,65,0,0,48,0,13,7,37,533,0,0,Precision Frame*,Corkscrew Rifling*,Polygonal Rifling,Ionized Battery*,Projection Fuse,Pulse Monitor*,Wellspring*,Tier 1 Weapon*,Tracker Disabled*,Kill Tracker,Crucible Tracker,,,,
Hawthorne's Field-Forged Shotgun,Legendary,Shotgun,Kinetic,Kinetic,60,45,65,64,0,0,42,80,46,8,68,0,0,0,Lightweight Frame*,Corkscrew Rifling*,Full Choke,Extended Mag*,Light Mag,Full Auto Trigger System*,One-Two Punch*,Metallic Sunset*,Boss Spec*,Masterwork*,Tracker Disabled,Kill Tracker*,Crucible Tracker,,
Threaded Needle,Legendary,Linear Fusion Rifle,Power,Void,75,62,41,43,0,0,63,0,10,6,31,533,0,0,Precision Frame*,Chambered Compensator*,Extended Barrel,Ionized Battery*,Projection Fuse,Clown Cartridge*,Frenzy*,Tier 2 Weapon*,Tracker Disabled*,Kill Tracker,Crucible Tracker,,,,
Seventh Seraph Carbine,Legendary,Auto Rifle,Kinetic,Kinetic,74,34,29,85,0,0,45,450,47,34,45,0,0,0,Precision Frame*,Arrowhead Brake,Hammer-Forged Rifling*,High-Caliber Rounds*,Flared Magwell,Threat Detector*,Rampage*,Rampage Spec*,Masterwork*,Tracker Disabled,Kill Tracker*,Crucible Tracker,,,
Eriana's Vow,Exotic,Hand Cannon,Energy,Solar,100,80,100,100,0,0,37,90,32,6,31,0,0,0,Looks Can Kill*,Extended Barrel*,Accurized Rounds*,Death at First Glance*,Polymer Grip*,Tracker Disabled*,Kill Tracker,Crucible Tracker,Empty Catalyst Socket*,,,,,,
Long Shadow,Legendary,Sniper Rifle,Kinetic,Kinetic,47,59,70,53,0,0,61,90,46,4,60,0,0,0,Adaptive Frame*,ATB Long Range,ATD Raptor*,Tactical Mag,Steady Rounds*,Snapshot Sights*,Moving Target*,Vanguard Veteran*,Boss Spec*,Masterwork*,Tracker Disabled*,Kill Tracker,Crucible Tracker,,
Occluded Finality,Legendary,Sniper Rifle,Energy,Arc,77,47,90,85,0,0,41,72,41,3,42,0,0,0,Aggressive Frame*,Corkscrew Rifling*,Smallbore,Alloy Magazine*,Appended Mag,Snapshot Sights*,Elemental Capacitor*,Tier 3 Weapon*,Tracker Disabled*,Kill Tracker,Crucible Tracker,,,,
The Time-Worn Spire,Legendary,Pulse Rifle,Kinetic,Kinetic,60,79,23,38,0,0,54,540,23,46,42,0,0,0,Rapid-Fire Frame*,Cleanshot IS*,Hitmark IS,Extended Mag*,High-Caliber Rounds,Subsistence*,Rampage*,Tier 4 Weapon*,Tracker Disabled*,Kill Tracker,Crucible Tracker,,,,
Far Future,Legendary,Sniper Rifle,Energy,Solar,52,62,70,67,0,0,58,90,49,4,51,0,0,0,Adaptive Frame*,Corkscrew Rifling*,Smallbore,Accurized Rounds*,Tactical Mag,Quickdraw*,Opening Shot*,Icarus Grip*,Tier 1 Weapon*,Tracker Disabled*,Kill Tracker,Crucible Tracker,,,
The Messenger,Legendary,Pulse Rifle,Kinetic,Kinetic,70,37,33,69,0,0,68,340,44,40,52,0,0,0,High-Impact Frame*,Chambered Compensator*,Polygonal Rifling,Extended Mag*,Alloy Magazine,Killing Wind*,Celerity*,Tier 1 Weapon*,Tracker Disabled*,Kill Tracker,Crucible Tracker,,,,
Extraordinary Rendition,Legendary,Submachine Gun,Kinetic,Kinetic,97,34,22,57,0,0,22,750,39,28,73,0,0,0,Aggressive Frame*,Fluted Barrel*,Smallbore,Accurized Rounds*,Extended Mag,Firmly Planted*,Tap the Trigger*,Minor Spec*,Masterwork*,Tracker Disabled*,Kill Tracker,Crucible Tracker,,,
The Palindrome (Adept),Legendary,Hand Cannon,Energy,Void,98,79,84,68,0,0,54,140,30,14,50,0,0,0,Adaptive Frame*,Full Bore*,Smallbore,Extended Mag*,Armor-Piercing Rounds,Bottomless Grief*,Unrelenting*,Tier 1 Weapon*,Tracker Disabled*,Kill Tracker,Crucible Tracker,,,,
Riiswalker,Legendary,Shotgun,Kinetic,Kinetic,54,52,65,60,0,0,62,90,66,6,60,0,0,0,Lightweight Frame*,Rifled Barrel*,Smallbore,Assault Mag*,Tactical Mag,Slideways*,Demolitionist*,Tier 1 Weapon*,Tracker Disabled*,Kill Tracker,Crucible Tracker,,,,
Ace of Spades,Exotic,Hand Cannon,Kinetic,Kinetic,100,70,84,86,0,0,55,140,48,13,55,0,0,0,Memento Mori*,Corkscrew Rifling*,High-Caliber Rounds*,Firefly*,Smooth Grip*,Tracker Disabled,Kill Tracker,Crucible Tracker*,Ace of Spades Catalyst*,,,,,,
The Wardcliff Coil,Exotic,Rocket Launcher,Power,Arc,60,80,0,0,62,96,60,60,37,1,82,0,0,0,Mad Scientist*,Volatile Launch*,Extended Mag*,Mechanized Autoloader*,Composite Stock*,Wardcliff Coil Catalyst*,,,,,,,,,
Seventh Seraph SI-2,Legendary,Sidearm,Energy,Void,100,68,43,24,0,0,56,360,61,15,65,0,0,0,Lightweight Frame*,Chambered Compensator*,Fluted Barrel,Tactical Mag*,Steady Rounds,Auto-Loading Holster*,Surrounded*,Tracker Disabled*,Kill Tracker,Crucible Tracker,,,,,
The Prospector,Exotic,Grenade Launcher,Power,Arc,75,60,0,0,18,60,50,165,14,8,50,0,0,0,Excavation*,Volatile Launch*,Augmented Drum*,Full Auto Trigger System*,Hand-Laid Stock*,Belvedere*,Prospector Catalyst*,,,,,,,,
Avalanche,Legendary,Machine Gun,Power,Solar,70,90,41,64,0,0,46,450,45,71,32,0,0,0,Adaptive Frame*,SRO-37 Ocular*,SLO-12 Post,Extended Mag*,Flared Magwell,Killing Wind*,Vorpal Weapon*,Tier 4 Weapon*,Tracker Disabled*,Kill Tracker,Crucible Tracker,,,,
False Promises,Legendary,Auto Rifle,Kinetic,Kinetic,86,52,33,75,0,0,34,360,44,36,50,0,0,0,High-Impact Frame*,Extended Barrel,Polygonal Rifling*,Appended Mag*,High-Caliber Rounds,Feeding Frenzy*,Rampage*,Minor Spec*,Masterwork*,Tracker Disabled*,Kill Tracker,Crucible Tracker,,,
Wish-Ender,Exotic,Combat Bow,Kinetic,Kinetic,60,51,92,0,0,0,86,0,37,0,46,0,828,90,Queen's Wrath*,High Tension String*,Anti-Taken Fletching*,Broadhead*,Tracker Disabled*,Kill Tracker,Crucible Tracker,Empty Catalyst Socket*,,,,,,,
Dead Man's Tale,Exotic,Scout Rifle,Kinetic,Kinetic,99,60,67,68,0,0,46,120,55,14,64,0,0,0,Cranial Spike*,Chambered Compensator*,High-Caliber Rounds*,Moving Target*,Short-Action Stock*,Tracker Disabled*,Kill Tracker,Crucible Tracker,Dead Man's Tale Catalyst*,,,,,,
Dire Promise,Legendary,Hand Cannon,Kinetic,Kinetic,84,92,84,45,0,0,68,140,68,11,75,0,0,0,Adaptive Frame*,Fastdraw HCS*,SteadyHand HCS,Alloy Magazine,Flared Magwell*,Snapshot Sights*,Rangefinder*,Icarus Grip*,Masterwork*,Tracker Disabled,Kill Tracker,Crucible Tracker*,,,
Hollow Words,Legendary,Fusion Rifle,Energy,Arc,85,63,85,63,0,0,47,0,28,6,22,740,0,0,Precision Frame*,Extended Barrel*,Fluted Barrel,Liquid Coils*,Projection Fuse,Killing Wind*,Vorpal Weapon*,Tier 3 Weapon*,Tracker Disabled*,Kill Tracker,Crucible Tracker,,,,
The Palindrome,Legendary,Hand Cannon,Energy,Void,98,79,84,68,0,0,54,140,48,11,50,0,0,0,Adaptive Frame*,Full Bore*,Polygonal Rifling,Alloy Magazine*,Armor-Piercing Rounds,Overflow*,Unrelenting*,Major Spec*,Tier 1 Weapon*,Tracker Disabled*,Kill Tracker,Crucible Tracker,,,
Astral Horizon,Legendary,Shotgun,Kinetic,Kinetic,62,34,80,41,0,0,51,55,58,4,53,0,0,0,Aggressive Frame*,Smoothbore*,Smallbore,Steady Rounds*,Light Mag,Surplus*,Celerity*,Tier 4 Weapon*,Tracker Disabled*,Kill Tracker,Crucible Tracker,,,,
Temptation's Hook,Legendary,Sword,Power,Arc,0,0,44,0,0,0,0,0,0,62,0,0,0,0,Caster Frame*,Enduring Blade*,Jagged Edge,Tempered Edge,Enduring Guard*,Heavy Guard,Relentless Strikes*,Surrounded*,Tier 1 Weapon*,Tracker Disabled*,Kill Tracker,Crucible Tracker,,,
Dire Promise,Legendary,Hand Cannon,Kinetic,Kinetic,84,92,84,61,0,0,61,140,54,11,64,0,0,0,Adaptive Frame*,TrueSight HCS*,HitMark HCS,Appended Mag,Ricochet Rounds*,Snapshot Sights*,Swashbuckler*,Icarus Grip*,Masterwork*,Tracker Disabled,Kill Tracker,Crucible Tracker*,,,
Shattered Cipher,Legendary,Machine Gun,Power,Void,45,64,25,24,0,0,59,900,68,75,50,0,0,0,Rapid-Fire Frame*,Fluted Barrel*,Full Bore,Steady Rounds*,Alloy Magazine,Slideways*,Rampage*,Tier 1 Weapon*,Tracker Disabled*,Kill Tracker,Crucible Tracker,,,,
Dead Man's Tale,Exotic,Scout Rifle,Kinetic,Kinetic,89,60,67,64,0,0,50,120,68,14,73,0,0,0,Cranial Spike*,Fluted Barrel*,Flared Magwell*,Fourth Time's the Charm*,Composite Stock*,Tracker Disabled,Kill Tracker*,Crucible Tracker,Dead Man's Tale Catalyst*,,,,,,
The Time-Worn Spire,Legendary,Pulse Rifle,Kinetic,Kinetic,60,79,23,64,0,0,36,540,38,37,40,0,0,0,Rapid-Fire Frame*,Rifle Scope ST,Red Dot Micro*,Extended Mag,Ricochet Rounds*,Slideways*,Iron Reach*,Tier 1 Weapon*,Tracker Disabled*,Kill Tracker,Crucible Tracker,,,,
Igneous Hammer,Legendary,Hand Cannon,Energy,Solar,100,69,92,73,0,0,42,120,55,9,73,0,0,0,Aggressive Frame*,Arrowhead Brake*,Extended Barrel,Alloy Magazine,High-Caliber Rounds*,Quickdraw*,Celerity*,Tier 3 Weapon*,Tracker Disabled*,Kill Tracker,Crucible Tracker,,,,
Extraordinary Rendition,Legendary,Submachine Gun,Kinetic,Kinetic,97,34,22,66,0,0,26,750,30,28,60,0,0,0,Aggressive Frame*,Fluted Barrel,Polygonal Rifling*,Accurized Rounds*,Flared Magwell,Overflow*,Rampage*,Minor Spec*,Masterwork*,Tracker Disabled,Kill Tracker*,Crucible Tracker,,,
Frozen Orbit,Legendary,Sniper Rifle,Energy,Void,75,48,90,75,0,0,43,72,19,4,37,0,0,0,Aggressive Frame*,Extended Barrel,Polygonal Rifling*,Extended Mag*,Flared Magwell,Surplus*,High-Impact Reserves*,Amethyst Veil*,Icarus Grip*,Masterwork*,Tracker Disabled,Kill Tracker,Crucible Tracker*,,
Shadow Price,Legendary,Auto Rifle,Energy,Arc,89,43,29,68,0,0,60,450,52,37,44,0,0,0,Precision Frame*,Chambered Compensator*,Fluted Barrel,Appended Mag*,Steady Rounds,Feeding Frenzy*,Swashbuckler*,Tier 2 Weapon*,Tracker Disabled*,Kill Tracker,Crucible Tracker,,,,
Null Composure,Legendary,Fusion Rifle,Energy,Void,55,38,55,54,0,0,46,0,53,8,74,460,0,0,Rapid-Fire Frame*,Fluted Barrel*,Projection Fuse*,Feeding Frenzy*,Heating Up,Reservoir Burst*,High-Impact Reserves,Masterwork*,Tracker Disabled*,Kill Tracker,Crucible Tracker,,,,
Sleeper Simulant,Exotic,Linear Fusion Rifle,Power,Solar,65,57,41,63,0,0,59,0,50,4,46,1024,0,0,Dornrschen*,Polygonal Rifling*,Flared Magwell*,Moving Target*,Composite Stock*,Sleeper Simulant Catalyst*,,,,,,,,,
The Guiding Sight,Legendary,Scout Rifle,Kinetic,Kinetic,75,50,67,52,0,0,34,150,42,13,24,0,0,0,High-Impact Frame*,Rifle Scope ST*,Hitmark IS,Alloy Magazine*,Appended Mag,Quickdraw*,Iron Gaze*,Tier 3 Weapon*,Tracker Disabled*,Kill Tracker,Crucible Tracker,,,,
The Time-Worn Spire,Legendary,Pulse Rifle,Kinetic,Kinetic,60,79,23,35,0,0,54,540,19,46,48,0,0,0,Rapid-Fire Frame*,Hitmark IS*,Red Dot Micro,Extended Mag*,Appended Mag,Moving Target*,Vorpal Weapon*,Marble Effigy*,Major Spec*,Tier 1 Weapon*,Tracker Disabled*,Kill Tracker,Crucible Tracker,,
Orewing's Maul,Legendary,Grenade Launcher,Energy,Void,80,73,0,0,55,68,53,90,78,1,69,0,0,0,Lightweight Frame*,Confined Launch*,Countermass,Hard Launch,Spike Grenades*,Concussion Grenades,Threat Detector*,Rangefinder*,Tier 4 Weapon*,Tracker Disabled*,Kill Tracker,Crucible Tracker,,,
Shining Sphere,Legendary,Rocket Launcher,Power,Arc,60,58,0,0,81,54,59,20,54,1,45,0,0,0,Adaptive Frame*,Confined Launch*,Hard Launch,High-Velocity Rounds*,Impact Casing,Auto-Loading Holster*,Quickdraw*,Tier 2 Weapon*,Tracker Disabled*,Kill Tracker,Crucible Tracker,,,,
Igneous Hammer,Legendary,Hand Cannon,Energy,Solar,95,69,92,79,0,0,55,120,37,9,48,0,0,0,Aggressive Frame*,Corkscrew Rifling*,Hammer-Forged Rifling,Ricochet Rounds*,Flared Magwell,Rapid Hit*,Moving Target*,Tier 2 Weapon*,Tracker Disabled*,Kill Tracker,Crucible Tracker,,,,
Subzero Salvo,Legendary,Rocket Launcher,Power,Arc,79,61,0,0,72,44,50,15,31,1,48,0,0,0,Precision Frame*,Confined Launch*,Linear Compensator,Black Powder*,High-Velocity Rounds,Moving Target*,Cluster Bomb*,Tier 1 Weapon*,Tracker Disabled*,Kill Tracker,Crucible Tracker,,,,
Shadow Price,Legendary,Auto Rifle,Energy,Arc,100,43,29,76,0,0,50,450,52,33,60,0,0,0,Precision Frame*,Arrowhead Brake*,Fluted Barrel,Accurized Rounds*,Extended Mag,Surplus*,Swashbuckler*,Tier 3 Weapon*,Tracker Disabled*,Kill Tracker,Crucible Tracker,,,,
Izanagi's Burden,Exotic,Sniper Rifle,Kinetic,Kinetic,83,62,70,62,0,0,60,90,46,4,52,0,0,0,Honed Edge*,Chambered Compensator*,Accurized Rounds*,No Distractions*,Composite Stock*,Ronin*,Tracker Disabled,Kill Tracker*,Crucible Tracker,Izanagi's Burden Catalyst*,,,,,
Felwinter's Lie,Legendary,Shotgun,Energy,Solar,62,33,80,47,0,0,27,55,41,4,33,0,0,0,Shot Package*,Full Choke*,Accurized Rounds*,Slideshot*,Surplus,Opening Shot*,Vorpal Weapon,Icarus Grip*,Masterwork*,Tracker Disabled,Kill Tracker,Crucible Tracker*,,,
Thunderlord,Exotic,Machine Gun,Power,Arc,70,90,41,68,0,0,64,450,68,62,46,0,0,0,Reign Havoc*,Polygonal Rifling*,Armor-Piercing Rounds*,Lightning Rounds*,Feeding Frenzy*,Tracker Disabled*,Kill Tracker,Crucible Tracker,Empty Catalyst Socket*,,,,,,
Shadow Price,Legendary,Auto Rifle,Energy,Arc,89,43,29,67,0,0,61,450,52,37,44,0,0,0,Precision Frame*,Chambered Compensator*,Corkscrew Rifling,Appended Mag*,Alloy Magazine,Overflow*,Thresh*,Tier 2 Weapon*,Tracker Disabled*,Kill Tracker,Crucible Tracker,,,,
Cryosthesia 77K,Exotic,Sidearm,Kinetic,Stasis,92,93,51,75,0,0,65,260,42,12,52,0,0,0,LN2 Burst*,Polygonal Rifling*,Particle Repeater*,Liquid Cooling*,Polymer Grip*,Tracker Disabled*,Kill Tracker,Crucible Tracker,Empty Catalyst Socket*,,,,,,
Long Shadow,Legendary,Sniper Rifle,Kinetic,Kinetic,47,59,70,75,0,0,48,90,46,4,37,0,0,0,Adaptive Frame*,ATB Long Range*,ATC Rex,Accurized Rounds*,Appended Mag,Firmly Planted*,Ambitious Assassin*,Vanguard Veteran*,Tier 3 Weapon*,Tracker Disabled*,Kill Tracker,Crucible Tracker,,,
Riskrunner,Exotic,Submachine Gun,Energy,Arc,100,50,20,82,0,0,60,900,24,41,74,0,0,0,Arc Conductor*,Arrowhead Brake*,Extended Mag*,Superconductor*,Short-Action Stock*,Riskrunner Catalyst*,,,,,,,,,
Shadow Price,Legendary,Auto Rifle,Energy,Arc,100,43,29,67,0,0,61,450,52,37,44,0,0,0,Precision Frame*,Chambered Compensator*,Extended Barrel,Appended Mag*,Alloy Magazine,Overflow*,Unrelenting*,Counterbalance Stock*,Tier 2 Weapon*,Tracker Disabled*,Kill Tracker,Crucible Tracker,,,
Igneous Hammer,Legendary,Hand Cannon,Energy,Solar,100,69,92,82,0,0,42,120,41,9,34,0,0,0,Aggressive Frame*,Extended Barrel*,Fluted Barrel,High-Caliber Rounds*,Light Mag,Quickdraw*,Snapshot Sights*,Tier 4 Weapon*,Tracker Disabled*,Kill Tracker,Crucible Tracker,,,,
Igneous Hammer,Legendary,Hand Cannon,Energy,Solar,100,69,92,73,0,0,42,120,37,9,55,0,0,0,Aggressive Frame*,Arrowhead Brake*,Smallbore,Extended Mag,Armor-Piercing Rounds*,Outlaw*,Moving Target*,Tier 3 Weapon*,Tracker Disabled*,Kill Tracker,Crucible Tracker,,,,
The Steady Hand,Legendary,Hand Cannon,Kinetic,Kinetic,85,70,92,71,0,0,46,120,28,8,31,0,0,0,Aggressive Frame*,TrueSight HCS*,HitMark HCS,Alloy Magazine,Ricochet Rounds*,Killing Wind*,Swashbuckler*,Tier 2 Weapon*,Tracker Disabled*,Kill Tracker,Crucible Tracker,,,,
Bad Omens,Legendary,Rocket Launcher,Power,Void,76,34,0,0,65,66,39,25,92,1,30,0,0,0,Aggressive Frame*,Confined Launch*,Smart Drift Control,Alloy Casing*,High-Velocity Rounds,Auto-Loading Holster*,Cluster Bomb*,Gambit Chrome*,Tier 2 Weapon*,Tracker Disabled*,Kill Tracker,Crucible Tracker,,,
Heretic,Legendary,Rocket Launcher,Power,Arc,68,29,0,0,65,81,47,25,71,1,34,0,0,0,Aggressive Frame*,Confined Launch*,Linear Compensator,High-Velocity Rounds*,Implosion Rounds,Ambitious Assassin*,Demolitionist*,Tier 4 Weapon*,Tracker Disabled*,Kill Tracker,Crucible Tracker,,,,
Eternal Blazon,Legendary,Scout Rifle,Energy,Arc,52,67,60,52,0,0,42,200,61,16,71,0,0,0,Lightweight Frame*,Jolt PS*,Torch HS3,Armor-Piercing Rounds*,Flared Magwell,Overflow*,Thresh*,Tier 2 Weapon*,Tracker Disabled*,Kill Tracker,Crucible Tracker,,,,
Vouchsafe,Legendary,Scout Rifle,Energy,Void,57,73,60,49,0,0,45,200,68,17,58,0,0,0,Lightweight Frame*,Extended Barrel*,Fluted Barrel,Tactical Mag*,Alloy Magazine,Outlaw*,Dragonfly*,Burnished Dreams*,Tier 2 Weapon*,Tracker Disabled*,Kill Tracker,Crucible Tracker,,,
Waking Vigil,Legendary,Hand Cannon,Energy,Arc,98,90,84,38,0,0,49,140,42,14,83,0,0,0,Adaptive Frame*,Fastdraw HCS*,Sureshot HCS,Extended Mag*,Armor-Piercing Rounds,Slideshot*,Vorpal Weapon*,Burnished Dreams*,Tier 3 Weapon*,Tracker Disabled*,Kill Tracker,Crucible Tracker,,,
Frozen Orbit,Legendary,Sniper Rifle,Energy,Void,75,48,90,97,0,0,28,72,37,3,24,0,0,0,Aggressive Frame*,Full Bore*,Polygonal Rifling,Accurized Rounds*,Flared Magwell,Killing Wind*,Vorpal Weapon*,Tier 3 Weapon*,Tracker Disabled*,Kill Tracker,Crucible Tracker,,,,
Seventh Seraph SI-2,Legendary,Sidearm,Energy,Void,95,68,43,32,0,0,47,360,56,15,83,0,0,0,Lightweight Frame*,Fluted Barrel*,Smallbore,Accurized Rounds*,Steady Rounds,Demolitionist*,Vorpal Weapon*,Tier 4 Weapon*,Tracker Disabled*,Kill Tracker,Crucible Tracker,,,,
Berenger's Memory,Legendary,Grenade Launcher,Power,Void,70,30,0,0,13,67,32,150,29,5,24,0,0,0,Rapid-Fire Frame*,Volatile Launch,Hard Launch*,Spike Grenades*,Alloy Casing,Clown Cartridge*,Auto-Loading Holster*,Major Spec*,Tier 1 Weapon*,Tracker Disabled*,Kill Tracker,Crucible Tracker,,,
Seventh Seraph CQC-12,Legendary,Shotgun,Energy,Solar,56,46,65,67,0,0,41,80,65,6,59,0,0,0,Lightweight Frame*,Rifled Barrel*,Smoothbore,Accurized Rounds*,Light Mag,Slideshot*,Trench Barrel*,Tier 1 Weapon*,Tracker Disabled*,Kill Tracker,Crucible Tracker,,,,
"First In, Last Out",Legendary,Shotgun,Energy,Arc,68,27,70,62,0,0,60,65,60,7,60,0,0,0,Precision Frame*,Chambered Compensator*,Fluted Barrel,Tactical Mag*,Accurized Rounds,Slideshot*,Vorpal Weapon*,Tier 1 Weapon*,Tracker Disabled*,Kill Tracker,Crucible Tracker,,,,
Riiswalker,Legendary,Shotgun,Kinetic,Kinetic,54,52,65,64,0,0,62,90,67,6,74,0,0,0,Lightweight Frame*,Smoothbore*,Barrel Shroud,Assault Mag*,Accurized Rounds,Slideways*,Vorpal Weapon*,Tier 1 Weapon*,Tracker Disabled*,Kill Tracker,Crucible Tracker,,,,
The Palindrome,Legendary,Hand Cannon,Energy,Void,100,79,84,55,0,0,62,140,32,14,64,0,0,0,Adaptive Frame*,Arrowhead Brake*,Corkscrew Rifling,Extended Mag*,Flared Magwell,Quickdraw*,Thresh*,Tier 3 Weapon*,Tracker Disabled*,Kill Tracker,Crucible Tracker,,,,
Deafening Whisper,Legendary,Grenade Launcher,Energy,Void,81,63,0,0,55,68,58,72,82,1,77,0,0,0,Wave Frame*,Confined Launch*,Countermass,High-Velocity Rounds*,Implosion Rounds,Ambitious Assassin*,Wellspring*,Major Spec*,Tier 2 Weapon*,Tracker Disabled*,Kill Tracker,Crucible Tracker,,,
Point of the Stag,Legendary,Combat Bow,Energy,Arc,77,72,76,0,0,0,60,0,46,0,65,0,612,74,Precision Frame*,Elastic String*,Natural Fletching*,No Distractions,Archer's Tempo*,Vorpal Weapon*,Eye of the Storm,Iron Precious*,Masterwork*,Tracker Disabled,Kill Tracker*,Crucible Tracker,,,
The Messenger,Legendary,Pulse Rifle,Kinetic,Kinetic,60,37,33,69,0,0,63,340,47,37,51,0,0,0,High-Impact Frame*,Fluted Barrel*,Polygonal Rifling,Appended Mag*,High-Caliber Rounds,Killing Wind*,Desperado*,Tier 3 Weapon*,Tracker Disabled*,Kill Tracker,Crucible Tracker,,,,
Dead Man's Tale,Exotic,Scout Rifle,Kinetic,Kinetic,100,60,67,73,0,0,50,120,55,14,64,0,0,0,Cranial Spike*,Fluted Barrel*,Accurized Rounds*,Killing Wind*,Fitted Stock*,Tracker Disabled*,Kill Tracker,Crucible Tracker,Empty Catalyst Socket*,,,,,,
The Supremacy,Legendary,Sniper Rifle,Kinetic,Kinetic,60,77,55,43,0,0,53,140,79,5,78,0,0,0,Rapid-Fire Frame*,Corkscrew Rifling*,Fluted Barrel,Polygonal Rifling,Alloy Magazine,Flared Magwell*,Snapshot Sights*,Rampage*,Icarus Grip*,Tier 3 Weapon*,Tracker Disabled*,Kill Tracker,Crucible Tracker,,
Threaded Needle,Legendary,Linear Fusion Rifle,Power,Void,65,62,41,48,0,0,57,0,30,6,40,533,0,0,Precision Frame*,Corkscrew Rifling*,Hammer-Forged Rifling,Enhanced Battery*,Projection Fuse,Rapid Hit*,Vorpal Weapon*,Tier 2 Weapon*,Tracker Disabled*,Kill Tracker,Crucible Tracker,,,,
Vision of Confluence,Legendary,Scout Rifle,Energy,Solar,100,65,62,51,0,0,48,180,35,19,60,0,0,0,Precision Frame*,Arrowhead Brake*,Smallbore,Extended Mag*,Light Mag,Zen Moment*,Disruption Break*,Tier 1 Weapon*,Tracker Disabled*,Kill Tracker,Crucible Tracker,,,,
Chattering Bone,Legendary,Pulse Rifle,Kinetic,Kinetic,57,71,27,58,0,0,61,450,76,33,78,0,0,0,Lightweight Frame*,Corkscrew Rifling*,Light Mag*,Kill Clip*,High-Impact Reserves*,Dreaming Spectrum*,Masterwork*,Tracker Disabled*,Kill Tracker,Crucible Tracker,,,,,
Cold Denial,Legendary,Pulse Rifle,Kinetic,Kinetic,83,32,33,84,0,0,50,340,41,28,23,0,0,0,High-Impact Frame*,Arrowhead Brake,Extended Barrel*,High-Caliber Rounds*,Light Mag,Zen Moment*,Swashbuckler*,Sympathetic Arsenal,Minor Spec*,Masterwork*,Tracker Disabled,Kill Tracker*,Crucible Tracker,,
Sola's Scar,Legendary,Sword,Power,Solar,0,0,62,0,0,0,0,0,0,62,0,0,0,0,Caster Frame*,Enduring Blade,Honed Edge,Tempered Edge*,Balanced Guard*,Enduring Guard,Energy Transfer*,Vorpal Weapon*,Tier 2 Weapon*,Tracker Disabled*,Kill Tracker,Crucible Tracker,,,
Frozen Orbit,Legendary,Sniper Rifle,Energy,Void,85,48,90,85,0,0,39,72,46,3,19,0,0,0,Aggressive Frame*,Extended Barrel*,Polygonal Rifling,Tactical Mag*,Flared Magwell,Moving Target*,Kill Clip*,Tier 1 Weapon*,Tracker Disabled*,Kill Tracker,Crucible Tracker,,,,
Frozen Orbit,Legendary,Sniper Rifle,Energy,Void,85,48,90,84,0,0,39,72,46,3,21,0,0,0,Aggressive Frame*,Extended Barrel*,Smallbore,Tactical Mag*,Steady Rounds,Killing Wind*,Kill Clip*,Tier 2 Weapon*,Tracker Disabled*,Kill Tracker,Crucible Tracker,,,,
The Forward Path,Legendary,Auto Rifle,Kinetic,Kinetic,60,71,21,48,0,0,70,600,64,43,86,0,0,0,Adaptive Frame*,Rifle Scope SSF,Hitmark IS*,Appended Mag,Steady Rounds*,Fourth Time's the Charm*,Multikill Clip*,Minor Spec*,Masterwork*,Tracker Disabled,Kill Tracker*,Crucible Tracker,,,
The Time-Worn Spire,Legendary,Pulse Rifle,Kinetic,Kinetic,60,79,23,38,0,0,54,540,19,46,44,0,0,0,Rapid-Fire Frame*,Cleanshot IS*,Hitmark IS,Extended Mag*,Armor-Piercing Rounds,Quickdraw*,Rampage*,Tier 2 Weapon*,Tracker Disabled*,Kill Tracker,Crucible Tracker,,,,
The Militia's Birthright,Legendary,Grenade Launcher,Kinetic,Kinetic,62,75,0,0,52,79,31,90,67,1,68,0,0,0,Lightweight Frame*,Volatile Launch*,Confined Launch,Hard Launch,Proximity Grenades*,Implosion Rounds,Quickdraw*,Moving Target*,Taken Spec*,Masterwork*,Tracker Disabled,Kill Tracker,Crucible Tracker*,,
Fighting Lion,Exotic,Grenade Launcher,Energy,Void,90,80,0,0,50,55,78,90,10,1,100,0,0,0,Delayed Gratification*,Countermass*,Implosion Rounds*,Thin the Herd*,Short-Action Stock*,Fighting Lion Catalyst*,,,,,,,,,
The Steady Hand,Legendary,Hand Cannon,Kinetic,Kinetic,85,70,92,80,0,0,44,120,28,8,31,0,0,0,Aggressive Frame*,TrueSight HCS*,HitMark HCS,Appended Mag,Ricochet Rounds*,Outlaw*,Swashbuckler*,Marble Effigy*,Icarus Grip*,Masterwork*,Tracker Disabled,Kill Tracker,Crucible Tracker*,,
Interference VI,Legendary,Grenade Launcher,Power,Arc,66,61,0,0,35,45,53,120,46,6,60,0,0,0,Adaptive Frame*,Quick Launch*,Smart Drift Control,Spike Grenades*,High-Explosive Ordnance,Clown Cartridge*,Full Court*,Circadian Chill*,Boss Spec*,Masterwork*,Tracker Disabled,Kill Tracker*,Crucible Tracker,,
Survivor's Epitaph,Legendary,Hand Cannon,Kinetic,Kinetic,83,74,78,39,0,0,69,180,65,12,62,0,0,0,Precision Frame*,Fluted Barrel*,Hammer-Forged Rifling,Flared Magwell*,Light Mag,Feeding Frenzy*,One for All*,Tier 1 Weapon*,Tracker Disabled*,Kill Tracker,Crucible Tracker,,,,
Izanagi's Burden,Exotic,Sniper Rifle,Kinetic,Kinetic,83,62,70,62,0,0,60,90,46,4,52,0,0,0,Honed Edge*,Chambered Compensator*,Accurized Rounds*,No Distractions*,Composite Stock*,Ronin*,Tracker Disabled*,Kill Tracker,Crucible Tracker,Izanagi's Burden Catalyst*,,,,,
Long Shadow,Legendary,Sniper Rifle,Kinetic,Kinetic,47,59,70,65,0,0,52,90,55,4,37,0,0,0,Adaptive Frame*,ATB Long Range*,ATA Scout,Tactical Mag*,Extended Mag,Rapid Hit*,Triple Tap*,Tier 2 Weapon*,Tracker Disabled*,Kill Tracker,Crucible Tracker,,,,
Ignition Code,Legendary,Grenade Launcher,Kinetic,Kinetic,75,71,0,0,5,83,40,90,68,1,68,0,0,0,Lightweight Frame*,Linear Compensator*,Smart Drift Control,Blinding Grenades*,High-Velocity Rounds,Lead from Gold*,Frenzy*,Tier 4 Weapon*,Tracker Disabled*,Kill Tracker,Crucible Tracker,,,,
Quickfang,Legendary,Sword,Power,Void,0,0,60,0,0,0,0,0,0,78,0,0,0,0,Lightweight Frame*,Hungry Edge*,Enduring Blade,Tempered Edge,Swordmaster's Guard*,Relentless Strikes*,One for All*,Tier 1 Weapon*,Tracker Disabled*,Kill Tracker,Crucible Tracker,,,,
Eyes of Tomorrow,Exotic,Rocket Launcher,Power,Solar,100,68,0,0,75,61,84,20,78,1,54,0,0,0,Eyes on All*,Smart Drift Control*,Alloy Casing*,Adaptive Ordnance*,Fitted Stock*,Tracker Disabled*,Kill Tracker,Crucible Tracker,Empty Catalyst Socket*,,,,,,
Succession,Legendary,Sniper Rifle,Kinetic,Kinetic,80,48,90,87,0,0,44,72,42,3,50,0,0,0,Aggressive Frame*,Extended Barrel,Fluted Barrel*,Accurized Rounds*,Steady Rounds,Slideways*,Snapshot Sights*,Icarus Grip*,Masterwork*,Tracker Disabled,Kill Tracker,Crucible Tracker*,,,
Hawkmoon,Exotic,Hand Cannon,Kinetic,Kinetic,96,93,78,57,0,0,80,140,63,8,78,0,0,0,Paracausal Shot*,Polygonal Rifling*,Alloy Magazine*,Opening Shot*,Smooth Grip*,Tracker Disabled*,Kill Tracker,Crucible Tracker,Empty Catalyst Socket*,,,,,,
The Wardcliff Coil,Exotic,Rocket Launcher,Power,Arc,60,80,0,0,62,96,60,60,37,1,82,0,0,0,Mad Scientist*,Volatile Launch*,Extended Mag*,Mechanized Autoloader*,Composite Stock*,Wardcliff Coil Catalyst*,,,,,,,,,
The Deicide,Legendary,Shotgun,Energy,Void,62,64,65,48,0,0,41,140,67,7,49,0,0,0,Rapid-Fire Frame*,Barrel Shroud,Corkscrew Rifling*,Steady Rounds,Accurized Rounds*,Hip-Fire Grip*,One-Two Punch*,Tier 2 Weapon*,Tracker Disabled*,Kill Tracker,Crucible Tracker,,,,
Found Verdict,Legendary,Shotgun,Energy,Arc,75,37,80,42,0,0,34,55,28,5,50,0,0,0,Aggressive Frame*,Barrel Shroud,Corkscrew Rifling*,Extended Mag*,Steady Rounds,Surplus*,One-Two Punch*,Tier 4 Weapon*,Tracker Disabled*,Kill Tracker,Crucible Tracker,,,,
Khvostov 7G-02,Common,Auto Rifle,Kinetic,Kinetic,70,48,21,21,0,0,37,600,57,40,39,0,0,0,Adaptive Frame*,,,,,,,,,,,,,,
Gridskipper,Legendary,Pulse Rifle,Energy,Void,55,80,23,53,0,0,52,540,42,35,34,0,0,0,Rapid-Fire Frame*,Hammer-Forged Rifling*,Polygonal Rifling,High-Caliber Rounds*,Ricochet Rounds,Heating Up*,High-Impact Reserves*,Tier 1 Weapon*,Tracker Disabled*,Kill Tracker,Crucible Tracker,,,,
The Number,Legendary,Auto Rifle,Energy,Arc,80,44,29,64,0,0,46,450,44,33,33,0,0,0,Precision Frame*,Extended Barrel*,Hammer-Forged Rifling,Alloy Magazine*,High-Caliber Rounds,Threat Detector*,One for All*,Tier 2 Weapon*,Tracker Disabled*,Kill Tracker,Crucible Tracker,,,,
Deathbringer,Exotic,Rocket Launcher,Power,Void,58,72,0,0,100,42,58,15,67,1,69,0,0,0,Dark Deliverance*,Volatile Launch*,Alloy Casing*,Dark Descent*,Composite Stock*,Tracker Disabled*,Kill Tracker,Crucible Tracker,Deathbringer Catalyst*,,,,,,
Apex Predator,Legendary,Rocket Launcher,Power,Solar,61,68,0,0,83,45,53,20,50,1,50,0,0,0,Adaptive Frame*,Confined Launch*,Countermass,Linear Compensator,Black Powder*,Implosion Rounds,Tracking Module*,Auto-Loading Holster*,Tier 1 Weapon*,Tracker Disabled*,Kill Tracker,Crucible Tracker,,,
Commemoration,Legendary,Machine Gun,Power,Void,80,64,41,78,0,0,66,450,37,73,44,0,0,0,Adaptive Frame*,Polygonal Rifling,Smallbore*,Extended Mag*,Flared Magwell,Feeding Frenzy*,Rampage*,Major Spec*,Masterwork*,Tracker Disabled,Kill Tracker*,Crucible Tracker,,,
Berenger's Memory,Legendary,Grenade Launcher,Power,Void,70,30,0,0,20,44,54,150,30,5,24,0,0,0,Rapid-Fire Frame*,Confined Launch*,Hard Launch,Spike Grenades*,High-Explosive Ordnance,Clown Cartridge*,Demolitionist*,Tier 1 Weapon*,Tracker Disabled*,Kill Tracker,Crucible Tracker,,,,
Survivor's Epitaph,Legendary,Hand Cannon,Kinetic,Kinetic,93,74,78,53,0,0,60,180,50,12,40,0,0,0,Precision Frame*,Extended Barrel*,Smallbore,Armor-Piercing Rounds*,Light Mag,Ambitious Assassin*,Multikill Clip*,Tier 1 Weapon*,Tracker Disabled*,Kill Tracker,Crucible Tracker,,,,
Temptation's Hook,Legendary,Sword,Power,Arc,0,0,47,0,0,0,0,0,0,59,0,0,0,0,Caster Frame*,Hungry Edge*,Honed Edge,Jagged Edge,Burst Guard*,Heavy Guard,Relentless Strikes*,Vorpal Weapon*,Tier 3 Weapon*,Tracker Disabled*,Kill Tracker,Crucible Tracker,,,
Prometheus Lens,Exotic,Trace Rifle,Energy,Solar,100,100,6,73,0,0,64,1000,46,100,42,0,0,0,Prismatic Inferno*,Chambered Compensator*,Projection Fuse*,Flame Refraction*,Composite Stock*,Prometheus Catalyst*,,,,,,,,,
The Fourth Horseman,Exotic,Shotgun,Energy,Arc,100,39,80,30,0,0,50,360,42,4,40,0,0,0,Thunderer*,Arrowhead Brake*,Assault Mag*,Broadside*,Fitted Stock*,Tracker Disabled*,Kill Tracker,Crucible Tracker,Empty Catalyst Socket*,,,,,,
Dire Promise,Legendary,Hand Cannon,Kinetic,Kinetic,84,92,84,54,0,0,50,140,63,11,61,0,0,0,Adaptive Frame*,HitMark HCS*,Crossfire HCS,Alloy Magazine,Armor-Piercing Rounds*,Opening Shot*,Rangefinder*,Icarus Grip*,Masterwork*,Tracker Disabled,Kill Tracker,Crucible Tracker*,,,
Bottom Dollar,Legendary,Hand Cannon,Energy,Void,85,66,92,73,0,0,40,120,32,9,52,0,0,0,Aggressive Frame*,Extended Barrel,Fluted Barrel*,Accurized Rounds*,Extended Mag,Outlaw*,Explosive Payload*,Tier 1 Weapon*,Tracker Disabled*,Kill Tracker,Crucible Tracker,,,,
False Promises,Legendary,Auto Rifle,Kinetic,Kinetic,96,52,33,75,0,0,34,360,49,36,37,0,0,0,High-Impact Frame*,Chambered Compensator*,Fluted Barrel,Appended Mag*,Light Mag,Overflow*,Rampage*,Tier 5 Weapon*,Tracker Disabled*,Kill Tracker,Crucible Tracker,,,,
Ignition Code,Legendary,Grenade Launcher,Kinetic,Kinetic,75,71,0,0,52,71,35,90,68,1,63,0,0,0,Lightweight Frame*,Volatile Launch*,Quick Launch,Blinding Grenades,Proximity Grenades*,Surplus*,Demolitionist*,Taken Spec*,Tier 1 Weapon*,Tracker Disabled*,Kill Tracker,Crucible Tracker,,,
PLUG ONE.1,Legendary,Fusion Rifle,Energy,Arc,75,66,80,62,0,0,59,0,38,8,57,740,0,0,Precision Frame*,Fluted Barrel*,Hammer-Forged Rifling,Enhanced Battery*,Particle Repeater,Heating Up*,Reservoir Burst*,Tier 1 Weapon*,Tracker Disabled*,Kill Tracker,Crucible Tracker,,,,
Gnawing Hunger,Legendary,Auto Rifle,Energy,Void,54,65,21,71,0,0,49,600,70,43,67,0,0,0,Adaptive Frame*,Corkscrew Rifling,Hammer-Forged Rifling*,Accurized Rounds*,Appended Mag,Zen Moment*,Kill Clip*,Calus's Shadow*,Taken Spec*,Masterwork*,Tracker Disabled,Kill Tracker,Crucible Tracker*,,
Sunshot,Exotic,Hand Cannon,Energy,Solar,100,60,80,74,0,0,68,150,75,12,92,0,0,0,Sunburn*,Chambered Compensator*,Accurized Rounds*,Sun Blast*,Textured Grip*,Sunshot Catalyst*,,,,,,,,,
Truthteller,Legendary,Grenade Launcher,Energy,Void,100,79,0,0,55,77,44,90,83,1,81,0,0,0,Lightweight Frame*,Countermass*,Hard Launch,Blinding Grenades,Spike Grenades*,Auto-Loading Holster*,Demolitionist*,Taken Spec*,Masterwork*,Tracker Disabled*,Kill Tracker,Crucible Tracker,,,
Ancient Gospel,Legendary,Hand Cannon,Energy,Solar,100,74,84,56,0,0,71,140,49,11,60,0,0,0,Adaptive Frame*,Fluted Barrel,Polygonal Rifling*,Accurized Rounds*,Alloy Magazine,Outlaw*,Dragonfly*,Dragonfly Spec*,Masterwork*,Tracker Disabled,Kill Tracker*,Crucible Tracker,,,
Worldline Zero,Exotic,Sword,Power,Arc,0,0,61,0,0,0,0,0,0,62,0,0,0,0,Tesseract*,Tempered Edge*,Infinite Guard*,Assassin's Blade*,Tireless Blade*,Worldline Catalyst*,,,,,,,,,
Gridskipper,Legendary,Pulse Rifle,Energy,Void,55,80,23,50,0,0,59,540,54,35,34,0,0,0,Rapid-Fire Frame*,Chambered Compensator,Smallbore*,Extended Mag,Light Mag*,Killing Wind*,Snapshot Sights*,Tier 4 Weapon*,Tracker Disabled*,Kill Tracker,Crucible Tracker,,,,
Chroma Rush,Legendary,Auto Rifle,Kinetic,Kinetic,45,80,18,37,0,0,65,720,53,57,46,0,0,0,Rapid-Fire Frame*,Corkscrew Rifling*,Hammer-Forged Rifling,Appended Mag*,Steady Rounds,Heating Up*,Kill Clip*,Tier 1 Weapon*,Tracker Disabled*,Kill Tracker,Crucible Tracker,,,,
